{
  "group": [
    {
      "idx": 0,
      "items": [
        300,
        "007제21탄-카지노로얄",
        "13구역",
        "그래비티",
        "나비효과",
        "다이하드40",
        "다크나이트",
        "다크나이트라이즈",
        "달콤한인생",
        "더블타겟",
        "데자뷰",
        "드림걸즈",
        "디스트릭트9",
        "디워",
        "루퍼",
        "마이클잭슨의디스이즈잇",
        "말죽거리잔혹사",
        "맨프럼어스",
        "미션임파서블",
        "미션임파서블3",
        "바람의파이터",
        "배트맨비긴즈",
        "백야행-하얀어둠속을걷다",
        "범죄와의전쟁",
        "범죄의재구성",
        "본슈프리머시",
        "본얼티메이텀",
        "부당거래",
        "분노의질주더맥시멈",
        "분노의질주더오리지널",
        "분노의질주언리미티드",
        "브이포벤데타",
        "블랙스완",
        "비열한거리",
        "사생결단",
        "상하이",
        "소스코드",
        "스타워즈에피소드3-시스의복수",
        "스텝업",
        "스텝업2-더스트리트",
        "스텝업3D",
        "스텝업4",
        "스파이더맨2",
        "신세계",
        "아바타",
        "아일랜드",
        "아저씨",
        "야수",
        "에반게리온파",
        "엑스맨퍼스트클래스",
        "엽문",
        "영웅샐러멘더의비밀",
        "영화는영화다",
        "원피스극장판10기-스트롱월드",
        "인셉션",
        "짝패",
        "최종병기활",
        "킹덤오브헤븐",
        "타짜",
        "테이큰",
        "투모로우",
        "트랜스포머",
        "트랜스포터-라스트미션",
        "트로이",
        "파수꾼",
        "해리포터와죽음의성물-2부",
        "향수",
        "혹성탈출진화의시작",
        "황후花"
      ]
    },
    {
      "idx": 1,
      "items": [
        "19곰테드",
        "7급공무원",
        "Mr아이돌",
        "RIPD",
        "가문의부활-가문의영광3",
        "가문의영광4-가문의수난",
        "가문의위기-가문의영광2",
        "구세주",
        "굿모닝프레지던트",
        "권순분여사납치사건",
        "귀신이산다",
        "김관장대김관장대김관장",
        "나는왕이로소이다",
        "남자사용설명서",
        "다찌마와리-악인이여지옥행급행열차를타라",
        "달콤,살벌한연인",
        "달콤한거짓말",
        "동갑내기과외하기레슨2",
        "디스민즈워",
        "뜨거운녀석들",
        "라스트갓파더",
        "롤러코스터",
        "만남의광장",
        "못말리는결혼",
        "바람피기좋은날",
        "바르게살자",
        "박물관이살아있다",
        "박물관이살아있다2",
        "박수건달",
        "방가방가",
        "방과후옥상",
        "불량남녀",
        "색즉시공시즌2",
        "슈렉3",
        "스윙걸즈",
        "스파이",
        "시실리2km",
        "시체가돌아왔다",
        "아빠가여자를좋아해",
        "야수와미녀",
        "에반올마이티",
        "예스맨",
        "올드미스다이어리-극장판",
        "완득이",
        "위험한상견례",
        "유감스러운도시",
        "육혈포강도단",
        "음치클리닉",
        "이장과군수",
        "이층의악당",
        "자칼이온다",
        "작업의정석",
        "조선명탐정각시투구꽃의비밀",
        "조폭마누라3",
        "좋지아니한가",
        "주유소습격사건2",
        "즐거운인생",
        "차우",
        "천하장사마돈나",
        "청담보살",
        "체포왕",
        "최강로맨스",
        "커플즈",
        "쿵푸팬더",
        "쿵푸허슬",
        "퀴즈왕",
        "퀵",
        "투사부일체",
        "평양성",
        "헤어스프레이",
        "홍길동의후예",
        "화이트칙스",
        "흡혈형사나도열"
      ]
    },
    {
      "idx": 2,
      "items": [
        "500일의썸머",
        "게이샤의추억",
        "그해여름",
        "노트북",
        "누가그녀와잤을까",
        "다만,널사랑하고있어",
        "당신이사랑하는동안에",
        "더리더-책읽어주는남자",
        "데이지",
        "디어존",
        "레터스투줄리엣",
        "렛미인",
        "렛미인2010",
        "로맨틱홀리데이",
        "미드나잇인파리",
        "미인도",
        "백만장자의첫사랑",
        "불꽃처럼나비처럼",
        "브로크백마운틴",
        "비커밍제인",
        "사랑을놓치다",
        "세상의중심에서사랑을외치다",
        "순정만화",
        "실버라이닝플레이북",
        "쌍화점",
        "아는여자",
        "연애,그참을수없는가벼움",
        "연애의목적",
        "오만과편견",
        "오직그대만",
        "우리집에왜왔니",
        "이터널선샤인",
        "이프온리",
        "지금,만나러갑니다",
        "지금사랑하는사람과살고있습니까",
        "천국의우편배달부",
        "첫키스만50번째",
        "청설",
        "태양의노래",
        "패션오브크라이스트",
        "행복",
        "황진이"
      ]
    },
    {
      "idx": 3,
      "items": [
        2012,
        "007스카이폴",
        "007제22탄-퀀텀오브솔러스",
        "127시간",
        "7광구",
        "M",
        "간첩",
        "감기",
        "구르믈버서난달처럼",
        "그놈목소리",
        "남극일기",
        "뉴문",
        "다빈치코드",
        "다세포소녀",
        "다이하드굿데이투다이",
        "더울버린",
        "도가니",
        "돈의맛",
        "돈크라이마미",
        "드래곤볼에볼루션",
        "디파티드",
        "라스트에어벤더",
        "레지던트이블4끝나지않은전쟁3D",
        "레지던트이블5",
        "몽정기2",
        "무극",
        "무적자",
        "묵공",
        "뮌헨",
        "미쓰GO",
        "밀양",
        "바벨",
        "박쥐",
        "배틀쉽",
        "베오울프",
        "본레거시",
        "브레이킹던part1",
        "블러드",
        "비스티보이즈",
        "삼국지-용의부활",
        "상사부일체-두사부일체3",
        "설국열차",
        "소셜네트워크",
        "솔트",
        "수퍼맨리턴즈",
        "슈퍼에이트",
        "스노우화이트앤더헌츠맨",
        "스카이라인",
        "스파이더맨3",
        "신들의전쟁",
        "싸이보그지만괜찮아",
        "써로게이트",
        "써커펀치",
        "아내가결혼했다",
        "아이들",
        "아이언맨2",
        "애프터어스",
        "업사이드다운",
        "엘리시움",
        "엣지오브다크니스",
        "여교수의은밀한매력",
        "예의없는것들",
        "오감도",
        "음란서생",
        "이태원살인사건",
        "익스펜더블",
        "익스펜더블2",
        "인류멸망보고서",
        "인타임",
        "일라이",
        "일본침몰",
        "잭리처",
        "적벽대전1부-거대한전쟁의시작",
        "적벽대전2부-최후의결전",
        "정승필실종사건",
        "제니,주노",
        "주홍글씨",
        "중천",
        "지구가멈추는날",
        "지아이조2",
        "천안함프로젝트",
        "체인질링",
        "친절한금자씨",
        "클라우드아틀라스",
        "타이탄",
        "타이탄의분노",
        "태풍",
        "테이큰2",
        "투어리스트",
        "트랜스포머3",
        "트론새로운시작",
        "파르나서스박사의상상극장",
        "판타스틱4-실버서퍼의위협",
        "퍼블릭에너미",
        "퍼스트어벤져",
        "페임",
        "푸시",
        "풍산개",
        "하녀",
        "하울링",
        "한반도",
        "해리포터와불사조기사단",
        "헝거게임",
        "형사Duelist",
        "황금나침반"
      ]
    },
    {
      "idx": 4,
      "items": [
        19,
        "CJ7-장강7호",
        "과속스캔들",
        "그녀를믿지마세요",
        "김종욱찾기",
        "꼬마니콜라",
        "너는펫",
        "더킹투하츠",
        "드래곤길들이기",
        "라따뚜이",
        "라푼젤",
        "마음이2",
        "명탐정코난11번째스트라이커",
        "볼트",
        "쉬즈더맨",
        "슈퍼배드",
        "아기와나",
        "앨빈과슈퍼밴드2",
        "어린신부",
        "은밀하게위대하게",
        "장화신은고양이",
        "쿵푸팬더2",
        "파퍼씨네펭귄들"
      ]
    },
    {
      "idx": 5,
      "items": [
        "1번가의기적",
        "가족의탄생",
        "거룩한계보",
        "고지전",
        "골",
        "광해,왕이된남자",
        "김씨표류기",
        "나의결혼원정기",
        "내깡패같은애인",
        "내생애가장아름다운일주일",
        "내여자친구를소개합니다",
        "늑대의유혹",
        "님은먼곳에",
        "댄서의순정",
        "댄싱퀸",
        "더로드",
        "더문",
        "더재킷",
        "리얼스틸",
        "마루밑아리에티",
        "마이웨이",
        "만추",
        "맨온파이어",
        "머니볼",
        "미녀는괴로워",
        "미스리틀선샤인",
        "미스터고",
        "바람",
        "반창꼬",
        "블러드다이아몬드",
        "비밀의숲테라비시아",
        "사랑따윈필요없어",
        "새미의어드벤쳐",
        "세얼간이",
        "수상한고객들",
        "식객",
        "식객김치전쟁",
        "심장이뛴다",
        "써니",
        "업",
        "오페라의유령",
        "왕의남자",
        "용의자X의헌신",
        "우아한세계",
        "원더풀라디오",
        "원탁의천사",
        "웰컴투동막골",
        "전국노래자랑",
        "주먹이운다",
        "천군",
        "천년여우여우비",
        "청연",
        "청춘만화",
        "카",
        "카핑베토벤",
        "크루즈패밀리",
        "클레멘타인",
        "클릭",
        "킹콩",
        "타워",
        "터미널",
        "포화속으로",
        "플라이대디",
        "해바라기",
        "해운대",
        "헬로우고스트",
        "홀리데이"
      ]
    },
    {
      "idx": 6,
      "items": [
        "10억",
        "26년",
        "고백",
        "구타유발자들",
        "극락도살인사건",
        "김복남살인사건의전말",
        "나는전설이다",
        "노잉",
        "닌자어쌔신",
        "닥터",
        "더씽",
        "더콜",
        "데스티네이션3-파이널데스티네이션",
        "둠스데이-지구최후의날",
        "러닝스케어드",
        "레드라이딩후드",
        "레지던트이블2",
        "레지던트이블3-인류의멸망",
        "마더",
        "맨온렛지",
        "모범시민",
        "무법자",
        "바스터즈거친녀석들",
        "밴티지포인트",
        "베니싱",
        "베리드",
        "베스트셀러",
        "블라인드",
        "사이코메트리",
        "새벽의저주",
        "생텀",
        "선샤인",
        "숨바꼭질2013",
        "스승의은혜",
        "스위니토드어느잔혹한이발사이야기",
        "스토커",
        "스플라이스",
        "실종",
        "심야의FM",
        "쏘우3",
        "씬시티",
        "아르고",
        "아포칼립토",
        "악마를보았다",
        "언스토퍼블",
        "에이리언VS프레데터2",
        "오로라공주",
        "우주전쟁",
        "월드워Z",
        "웜바디스",
        "이글아이",
        "이끼",
        "이웃사람",
        "인베이젼",
        "제로다크서티",
        "조디악",
        "줄리아의눈",
        "크레이지2010",
        "팅커테일러솔저스파이",
        "파괴된사나이",
        "판의미로-오필리아와세개의열쇠",
        "팬도럼",
        "포세이돈",
        "피라냐",
        "피라냐3DD",
        "핸드폰",
        "헨젤과그레텔",
        "혈의누",
        "호스텔",
        "화차"
      ]
    },
    {
      "idx": 7,
      "items": [
        "가족",
        "내머리속의지우개",
        "내사랑내곁에",
        "너는내운명",
        "눈물이주룩주룩",
        "마음이",
        "바보",
        "새드무비",
        "세상에서가장아름다운이별",
        "소원",
        "슬픔보다더슬픈이야기",
        "애자",
        "우리들의행복한시간",
        "웨딩드레스",
        "친정엄마",
        "크로싱",
        "통증",
        "하모니",
        "허브",
        "혐오스런마츠코의일생",
        "화려한휴가"
      ]
    },
    {
      "idx": 8,
      "items": [
        "가면",
        "나우유씨미",
        "내가살인범이다",
        "데스노트-라스트네임",
        "럭키넘버슬레븐",
        "리턴",
        "리핑-10개의재앙",
        "마인드헌터",
        "모노폴리",
        "박수칠때떠나라",
        "브레이킹던part2",
        "빌리지",
        "세븐데이즈",
        "스켈리톤키",
        "시크릿",
        "쏘우",
        "쏘우2",
        "어웨이크",
        "언노운2011",
        "오펀천사의비밀",
        "용서는없다",
        "의뢰인",
        "인사동스캔들",
        "일루셔니스트",
        "천사와악마",
        "특수본",
        "퍼펙트겟어웨이",
        "평행이론",
        "프레스티지",
        "플라이트플랜"
      ]
    },
    {
      "idx": 9,
      "items": [
        "가디언",
        "각설탕",
        "국가대표",
        "굿'바이GoodBye",
        "그대를사랑합니다",
        "그랜토리노",
        "글러브",
        "내이름은칸",
        "늑대아이",
        "더임파서블",
        "드리머",
        "라디오스타",
        "록키발보아",
        "마당을나온암탉",
        "마이리틀히어로",
        "말아톤",
        "맨발의기봉이",
        "맨발의꿈",
        "밀리언달러베이비",
        "블라인드사이드",
        "세븐파운즈",
        "슈퍼스타감사용",
        "시간을달리는소녀",
        "신데렐라맨",
        "에이트빌로우",
        "우리형",
        "울지마톤즈",
        "워낭소리",
        "챔프",
        "코러스",
        "코리아",
        "킹스스피치",
        "킹콩을들다",
        "타인의삶",
        "투브라더스",
        "퍼펙트게임",
        "페이스메이커",
        "행복을찾아서",
        "헬프",
        "호로비츠를위하여"
      ]
    },
    {
      "idx": 10,
      "items": [
        "577프로젝트",
        "A-특공대",
        "Mr로빈꼬시기",
        "강력3반",
        "거북이달린다",
        "걸리버여행기",
        "겟썸",
        "공공의적2",
        "광식이동생광태",
        "괴물",
        "그놈은멋있었다",
        "그는당신에게반하지않았다",
        "그림자살인",
        "기다리다미쳐",
        "꽃보다남자",
        "나나",
        "나니아연대기-사자,마녀그리고옷장",
        "나니아연대기새벽출정호의항해",
        "나의PS파트너",
        "나잇데이",
        "남쪽으로튀어",
        "내사랑싸가지",
        "내셔널트레져비밀의책",
        "노브레싱",
        "대한민국1",
        "데스노트",
        "도둑들",
        "도레미파솔라시도",
        "두얼굴의여친",
        "런닝맨",
        "레드",
        "론레인저",
        "리미트리스",
        "마린보이",
        "마법사의제자",
        "마이블랙미니드레스",
        "맨인블랙3",
        "메가마인드",
        "명탐정코난천공의난파선",
        "명탐정코난칠흑의추적자",
        "명탐정코난침묵의15분",
        "미스터미세스스미스",
        "미스터소크라테스",
        "반가운살인자",
        "반헬싱",
        "방자전",
        "백설공주",
        "베스트키드",
        "복면달호",
        "뷰티풀크리처스",
        "섀도우헌터스",
        "셜록홈즈",
        "셜록홈즈-그림자게임",
        "스타트렉다크니스",
        "스타트렉더비기닝",
        "시라노연애조작단",
        "신기전",
        "신화-진시황릉의비밀",
        "싸움의기술",
        "아라한장풍대작전",
        "아이,로봇",
        "아이언맨",
        "아이언맨3",
        "아이엠넘버포",
        "악마는프라다를입는다",
        "알투비리턴투베이스",
        "어벤져스",
        "에라곤",
        "엑스맨-최후의전쟁",
        "엑스맨탄생울버린",
        "여배우들",
        "오션스13",
        "의형제",
        "이상한나라의앨리스",
        "이클립스",
        "인디아나존스크리스탈해골의왕국",
        "인크레더블",
        "인크레더블헐크",
        "잃어버린세계를찾아서",
        "작전",
        "잔혹한출근",
        "잭더자이언트킬러",
        "전우치",
        "점퍼",
        "지아이조-전쟁의서막",
        "쩨쩨한로맨스",
        "찰리와초콜릿공장",
        "초능력자",
        "캐리비안의해적낯선조류",
        "캐리비안의해적-망자의함",
        "캐리비안의해적-세상의끝에서",
        "콘스탄틴",
        "크로우즈제로",
        "킥애스영웅의탄생",
        "킬러스",
        "트와일라잇",
        "티끌모아로맨스",
        "틴틴",
        "퍼시잭슨과괴물의바다",
        "포비든킹덤-전설의마스터를찾아서",
        "푸른소금",
        "하울의움직이는성",
        "하이스쿨뮤지컬졸업반",
        "해결사",
        "해리포터와불의잔",
        "해리포터와아즈카반의죄수"
      ]
    },
    {
      "idx": 11,
      "items": [
        1408,
        "검은집",
        "고사두번째이야기교생실습",
        "고사피의중간고사",
        "고양이죽음을보는두개의눈",
        "꼭두각시",
        "노크낯선자들의방문",
        "드래그미투헬",
        "디센트",
        "라스트엑소시즘",
        "무서운이야기2",
        "미확인동영상",
        "불신지옥",
        "사일런트힐",
        "살인소설",
        "셔터",
        "아랑",
        "아파트",
        "알포인트",
        "여고괴담5",
        "오싹한연애",
        "오퍼나지-비밀의계단",
        "인시디어스",
        "주온-원혼의부활",
        "컨저링",
        "파라노말액티비티",
        "파라노말액티비티2",
        "폐가",
        "포스카인드",
        "하우스오브왁스",
        "해부학교실",
        "화이트저주의멜로디"
      ]
    }
  ]
}
