word,cat,A_M,A_SD,V_M,V_SD
venereal infection,noun,5.69,3.25,1.68,1.23,
sleep with,verb,3.61,2.56,7.51,1.38,
wish-wash,noun,4.16,2.16,2.67,1.45,
stilly,adj,2.82,2.13,5.58,1.83,
untruth,noun,5.68,2.46,2.9,1.63,
grass,verb,7.24,2.06,1.68,1.02,
go on,verb,4.7,2.48,4.09,2.21,
pain,noun,5.14,2.14,3.64,1.76,
measure,noun,3.27,1.98,5.02,0.93,
toss,verb,4.16,2.16,2.67,1.45,
bring through,verb,6.53,2.56,7.7,1.24,
flush,noun,8.02,1.65,8.05,1.48,
ravish,verb,5.44,2.88,8.26,1.04,
computed axial tomography,noun,4.38,2.24,5.72,2.43,
secondary,adj,3.83,2.05,3.07,1.57,
accentuate,verb,7.45,2.38,2.09,1.41,
rock music,noun,4.52,2.37,5.56,1.38,
gelid,adj,5.19,2.23,4.02,1.99,
juvenile person,noun,5.67,2.52,6.75,2.29,
star sign,noun,6.42,2.83,1.5,0.85,
polished,adj,5.4,2.33,7.5,1.55,
shameful,adj,4.61,2.24,5.39,1.8,
educational activity,noun,5.74,2.46,6.69,1.77,
viscus,noun,3.93,2.49,4.82,2.06,
sacred text,noun,4.17,2.49,5.72,1.54,
clear up,verb,3.46,1.92,3.65,1.61,
conserve,verb,4.14,2.3,2.93,1.76,
Shangri-la,noun,5.61,3.2,7.3,2.39,
stimulate,verb,5,2.53,6.97,1.91,
retrieval,noun,6.53,2.56,7.7,1.24,
play false,verb,5.75,2.47,7.08,1.83,
competitor,noun,5.85,3.15,8.44,0.9,
undeceive,verb,7.24,2.06,1.68,1.02,
play,noun,5.85,2.81,8.37,0.94,
installation,noun,4.08,2.41,6.2,1.37,
chief justice,noun,4.37,2.14,6.47,1.59,
rot,verb,5.7,2.96,2.28,1.91,
place,verb,2.95,1.72,4.95,0.98,
squandered,adj,5.82,2.62,2.82,1.83,
shrewd,adj,5.12,2.19,5.22,1.82,
article of clothing,noun,4.05,1.89,6.41,1.34,
embracement,noun,5.35,2.76,8,1.55,
wacky,adj,5.88,2.38,7.41,1.8,
spikelet,noun,5.14,2.14,3.64,1.76,
torment,verb,5.87,2.56,4.84,2.51,
melody,noun,5.86,1.81,7,1.34,
being,noun,4.84,2.52,3.91,2.44,
relative,noun,5.21,2.75,7.58,1.48,
damage,verb,4.04,2.14,3.18,1.86,
cocaine,noun,5.75,2.47,7.08,1.83,
disfigure,verb,4.79,2.11,3.38,1.7,
fastidious,adj,4.38,2.69,6.55,2.44,
heartsease,noun,2.95,2.55,7.72,1.75,
waste material,noun,5.04,2.5,2.98,1.96,
secernment,noun,5.22,2.38,6.66,1.57,
dishonor,verb,5.9,1.83,7.66,1.24,
emotional disorder,noun,4.54,3.19,1.85,1.67,
apply,verb,6.84,2.06,7.13,1.58,
out of play,adj,5.73,2.73,1.94,1.76,
rejoicing,adj,6.78,2.58,8.82,0.73,
injure,verb,6,2.46,2.29,1.33,
temperament,noun,4.56,2.97,1.61,1.02,
do work,verb,4.95,2.36,3.02,1.66,
geological formation,noun,5.67,2.51,7.76,1.51,
assail,verb,4.1,2.34,2.88,1.75,
essay,verb,7.15,2.19,3.76,2.63,
splatter,verb,3.73,2.23,4.66,1.88,
personage,noun,4.25,2.47,5.55,2.24,
ill,adj,4.29,2.45,1.9,1.14,
detest,verb,6.28,2.43,2.03,1.38,
help,noun,4.88,2.3,6.93,1.28,
entwine,verb,4.07,2.15,4.64,1.36,
burglarproof,adj,4.09,2.77,7.29,1.79,
make,verb,6.68,1.78,7.63,1.3,
laugh at,verb,5.87,2.56,4.84,2.51,
executive department,noun,5.47,2.54,7.78,1.35,
disdain,verb,5.48,2.52,2.84,2.07,
unfaltering,adj,4.02,2.41,4.68,1.97,
usance,noun,3.95,2.11,4.11,1.77,
vocalist,noun,5.51,2.77,7.26,1.67,
game,adj,6.15,2.45,7.15,1.64,
strain,noun,3.82,2.24,5.11,1.78,
habiliment,noun,4.78,2.88,6.54,1.85,
acetous,adj,5.1,1.95,3.93,1.98,
courageousness,noun,6.34,2.25,7.39,1.53,
brass instrument,noun,4.97,2.13,5.75,1.38,
manslayer,noun,6.28,2.53,3.09,2.09,
illegal,adj,4.61,2.24,5.39,1.8,
dissolute,adj,4.98,2.48,3.5,2.16,
sharp-set,adj,5.13,2.44,3.58,2.01,
initiate,verb,3.62,2.25,5.98,1.83,
grand,adj,4.12,2.29,7.1,1.26,
worthless,adj,5.38,2.23,2.43,1.27,
tennis player,noun,4.18,2.38,3.2,1.58,
potable,noun,3.68,2.57,5.95,2.16,
unify,verb,6.39,2.31,7.41,1.97,
good example,noun,4.95,2.57,7.82,1.16,
motility,noun,4.9,2.35,4.31,2.18,
deliver,verb,4.95,2.19,6.45,1.93,
someone,noun,6.42,2.83,1.5,0.85,
sire,verb,6.13,2.71,8.39,1.15,
untune,verb,4.71,2.09,6.93,1.47,
well-favoured,adj,5.95,2.73,7.93,1.47,
lively,adj,5.5,2.74,7.25,2.22,
diverge,verb,3.96,1.94,5.29,0.97,
manoeuvre,verb,3.42,2.21,6.32,1.56,
garb,verb,3.95,2.09,5.25,1.33,
signaling,noun,6.85,2.53,6.2,1.76,
mold,verb,5.86,2.4,2,1.18,
hit the books,verb,5.39,2.22,7.15,1.49,
impact,verb,4.73,2.64,7.02,1.57,
spanking,adj,5.9,2.42,7.9,1.49,
trouble-free,adj,3.89,2.54,7.62,1.41,
fig out,verb,4.05,1.89,6.41,1.34,
flavour,verb,5.59,2.66,6.79,2.04,
stop,noun,5.76,2.5,7.57,1.66,
cognition,noun,5,2.68,6.68,1.84,
muscular,adj,5.92,2.28,7.11,1.48,
jumpy,adj,5.33,2.04,4.74,2,
water,noun,4.2,2.18,3.25,1.71,
grime,verb,4.13,2.13,4.44,2.07,
send on,verb,4.38,2.29,5.55,1.4,
fair,adj,6.17,2.34,7.6,1.64,
Orcinus orca,noun,7.86,1.89,1.89,1.39,
impolite,adj,6.31,2.47,2.5,2.11,
pose,verb,4.16,2.8,7.92,1.24,
rationalise,verb,4.48,2.29,4.05,1.41,
locomote,verb,6.21,2.51,7.1,2,
credentials,noun,5.67,2.8,8,1.39,
assume,verb,4.1,2,5.46,1.36,
medico,noun,5.86,2.7,5.2,2.54,
deadly sin,noun,7.63,1.91,2.34,1.32,
ciliated,adj,5.33,2.04,4.74,2,
bowl over,verb,5.86,2.4,2,1.18,
beautify,verb,5.14,2.39,6.93,1.3,
swash,verb,5.78,2.6,7.8,1.83,
toss away,verb,4.14,2.3,2.93,1.76,
training,noun,6.84,2.06,7.13,1.58,
fright,noun,7.02,2.02,3.12,1.84,
temperature,noun,5.19,2.23,4.02,1.99,
Saint Brigid,noun,5.55,2.74,7.34,1.71,
counterfeit,adj,6.07,2.15,3.36,2.16,
drink,noun,5.29,2.55,6.88,1.89,
salientian,noun,4.54,2.03,5.71,1.74,
criticise,verb,6.47,2.47,2.23,1.72,
dreaded,adj,6.33,2.28,2.25,1.18,
policeman,noun,4.2,2.42,5.07,1.97,
study,verb,6.84,2.06,7.13,1.58,
exist,verb,5.96,2.63,2.79,1.92,
giddy,adj,5.88,2.38,7.41,1.8,
baseball player,noun,5.64,2.51,6.89,2.12,
horny,adj,5.12,2.19,5.22,1.82,
land,adj,4.12,2.3,6.34,1.56,
bubble,verb,5.26,2.54,6.07,2.03,
bounce,noun,5.67,2.51,7.76,1.51,
period,noun,4.28,2.21,4.71,2.36,
spirited,adj,5.53,2.9,7.2,1.97,
wander,verb,6.82,2.1,3.31,2.2,
jade,verb,3.81,2.29,3.79,2.12,
angry,adj,7.97,2.17,2.46,1.65,
distinguish,verb,4.25,2.47,5.55,2.24,
downhearted,adj,4.72,2.95,1.83,1.42,
legal holiday,noun,6.27,2.56,7.8,1.55,
excretion,noun,5.75,2.84,2.06,1.57,
tell,verb,5.12,2.39,6.95,1.85,
scotch,verb,4.92,2.64,2.39,1.44,
computer programme,noun,5.71,2.21,3.33,1.72,
trouncing,noun,6.77,2.42,1.64,1.18,
earth,noun,4.08,2.41,6.2,1.37,
draggled,adj,4.88,2.29,3.08,2.05,
comprise,verb,5.12,2.39,6.95,1.85,
functionary,noun,5.47,2.54,7.78,1.35,
enounce,verb,7.45,2.38,2.09,1.41,
disorganised,adj,5.86,2.4,2,1.18,
neat,adj,3.98,2.22,6.3,1.56,
portrayal,noun,3.82,2.24,5.11,1.78,
towheaded,adj,5.07,2.7,6.43,2.04,
drown out,verb,6.57,2.33,1.92,1.48,
unsaved,adj,5.82,2.62,2.82,1.83,
work-shy,adj,2.65,2.06,4.38,2.02,
delusional,adj,5.13,2.76,4.45,2.23,
pile up,verb,4.8,2.82,4.16,2.34,
unnotched,adj,4.91,2.57,6.58,1.78,
refer,verb,4.25,2.47,5.55,2.24,
body,noun,4.02,2.41,4.68,1.97,
USA,noun,5.03,2.03,4.72,1.75,
be on cloud nine,verb,5.78,2.6,7.8,1.83,
molestation,noun,5.87,2.56,4.84,2.51,
snappy,adj,5.41,2.73,3.55,2.54,
action,noun,7.15,2.19,3.76,2.63,
struggle,noun,7.15,2.19,3.76,2.63,
title of respect,noun,5.92,2.6,7.08,2.2,
join,verb,6.39,2.31,7.41,1.97,
tumefy,verb,4.1,2.34,2.88,1.75,
halcyon,adj,6.49,2.77,8.21,1.82,
notable,adj,5.73,2.68,6.98,2.07,
spark off,verb,4.86,2.56,5.46,0.98,
demoralise,verb,5.85,2.93,2.3,2.11,
sweetheart,noun,4.95,2.57,7.82,1.16,
show,verb,5.12,2.39,6.95,1.85,
wit,noun,6.74,1.84,8.1,1.36,
cozen,verb,7.24,2.06,1.68,1.02,
module,noun,4.75,2.5,6.82,1.96,
suffer,verb,4.7,2.59,3.98,1.73,
line,noun,4.71,2.09,6.93,1.47,
onrush,noun,7.17,2.06,3.22,2.06,
devolve,verb,4.7,2.48,4.09,2.21,
peeved,adj,5.64,2.48,2.79,2.23,
fetor,noun,4.36,2.46,2.19,1.37,
ceremonial,noun,5.97,2.85,7.82,1.56,
finish,noun,5.82,2.71,3.16,2.44,
facial gesture,noun,5.27,2.64,7.4,1.87,
apparently,adv,3.52,2.05,4.39,1.46,
service,noun,5.03,2.03,4.72,1.75,
stunned,adj,7.47,2.09,7.47,1.56,
put behind bars,verb,5.49,2.67,1.95,1.27,
scourge,verb,4.14,2.3,2.93,1.76,
tatterdemalion,adj,4.1,1.94,4.28,1.84,
add-in,noun,3.36,2.12,4.82,1.23,
saintly,adj,5.43,2.85,7.47,1.45,
raspy,adj,5.33,2.04,4.74,2,
unrefined,adj,4.21,1.84,4.55,1.42,
drop,verb,4.95,2.19,6.45,1.93,
nance,noun,4.76,2.18,6.44,1.43,
evoke,verb,7.17,2.06,3.22,2.06,
modification,noun,5.57,2.26,3.05,1.65,
informant,noun,4.95,2.36,3.02,1.66,
genre,noun,4,2.85,5.86,1.91,
enlarge,verb,4.1,2.24,5.55,1.58,
fail,verb,7.72,2.16,8.38,0.92,
enthusiasm,noun,5.59,2.66,6.79,2.04,
punt,verb,5.89,2.37,6.98,1.97,
endeavor,noun,3.82,2.24,5.11,1.78,
success,noun,6.63,2.84,8.32,1.16,
whoreson,noun,6.07,2.15,3.36,2.16,
debauch,verb,6.26,2.61,2.79,2.12,
sexy,adj,5.34,2.51,7.5,1.08,
elation,noun,4.41,2.95,6.95,2.24,
embellish,verb,4.05,1.89,6.41,1.34,
instrument,noun,3.5,1.84,5.29,1.08,
move,verb,5.8,2.39,3.66,2,
cubic measure,noun,3.54,2.09,5.1,1.09,
muddleheaded,adj,6.03,1.88,3.21,1.51,
dimension,noun,4.48,2.12,6.25,1.59,
status,noun,4.28,2.21,4.71,2.36,
Caucasian,noun,5.5,2.17,3.37,1.63,
belief,noun,4.89,2.46,6.28,1.45,
slow down,verb,3.39,2.22,3.93,1.6,
balk,noun,3.81,2.27,3.29,1.69,
preferred,adj,5.1,2.59,6.79,2.32,
call for,verb,4.17,2.49,5.72,1.54,
textile,noun,3.54,2.09,5.1,1.09,
sedate,adj,4,1.87,5.08,1.59,
unmistakable,adj,3.52,2.05,4.39,1.46,
sidekick,noun,4.71,2.68,7.11,2.17,
human beings,noun,5.24,2.31,6.73,1.7,
lop,verb,4.05,1.89,6.41,1.34,
area,noun,6.34,2.25,7.39,1.53,
exit,verb,4.7,2.48,4.09,2.21,
substructure,noun,3.27,1.98,5.02,0.93,
inexperient,adj,5.64,2.51,6.89,2.12,
fissure,noun,6.33,2.21,4.84,2.14,
speech communication,noun,5.16,2.25,6.77,1.58,
Felis catus,noun,4.76,2.18,6.44,1.43,
ripe,adj,4.15,1.96,3.39,1.7,
deceive,verb,7.24,2.06,1.68,1.02,
pokey,adj,3.39,2.22,3.93,1.6,
transparent,adj,3.18,1.76,4.74,1.02,
room,noun,5,2.83,6.42,2.05,
appall,verb,5.56,2.06,2.76,1.5,
unfearing,adj,6.15,2.45,7.15,1.64,
stuff,noun,4.14,2.3,2.93,1.76,
honor,verb,5.31,2.23,5.92,1.57,
intoxicating,adj,5.69,2.36,2.84,2.34,
coiffe,verb,4.05,1.89,6.41,1.34,
expend,verb,4.14,2.3,2.93,1.76,
virulent,adj,6.4,2.41,2.1,1.48,
feed,noun,4.14,2.11,6.12,1.44,
kickshaw,noun,3.7,2.29,5.66,1.44,
wow,noun,7.04,1.96,3.88,2.07,
indrawn,adj,3.27,2.05,4.88,1.83,
percentage,noun,5.66,2.26,6.97,1.53,
shudder,noun,8.02,1.65,8.05,1.48,
argentiferous,adj,3.79,1.96,4.95,1.17,
colorless,adj,4.37,2.14,6.47,1.59,
buxom,adj,4.81,2.8,2.28,1.92,
misrepresentaation,noun,5.68,2.46,2.9,1.63,
civil rights worker,noun,5.64,2.51,6.89,2.12,
meliorate,verb,4.77,2.23,7.09,1.46,
risk-free,adj,3.86,2.72,7.07,1.9,
shit,noun,4.7,2.59,3.98,1.73,
soul,noun,4.19,2.45,6.32,1.74,
ragtag and bobtail,noun,4.88,2.36,2.43,1.56,
rattle on,verb,4.36,2.18,5.03,1.23,
essence,noun,6.34,2.25,7.39,1.53,
fulfil,verb,5.41,2.43,6.63,1.68,
draw close,verb,4.4,2.67,7.72,1.92,
parcel of land,noun,3.18,1.76,4.74,1.02,
begrime,verb,4.93,2.23,2.81,1.52,
marvellous,adj,6.23,2.73,8.16,1.12,
course,verb,4.14,2.3,2.93,1.76,
cash in on,verb,7.37,2.21,8.37,1,
hit the hay,verb,3.61,2.56,7.51,1.38,
wireless,noun,4.78,2.82,6.73,1.47,
supercilious,adj,5.04,2.14,3.68,1.9,
oxen,noun,3.49,2.13,5.57,1.53,
sense experience,noun,4.66,2.43,6.62,1.84,
slumberous,adj,2.82,2.13,5.58,1.83,
trained worker,noun,5.24,2.31,6.73,1.7,
vista,noun,4.59,2.31,5.98,1.86,
player,noun,5.83,2.44,7.27,1.66,
examine,verb,4.25,2.47,5.55,2.24,
coif,noun,6.64,2.64,2.35,1.7,
take,verb,5.69,2.51,7.47,1.73,
fearful,adj,4.11,2.09,3.86,1.55,
pain in the neck,noun,6.5,2.49,2.13,1.81,
endue,verb,5.12,2.42,5.93,2.1,
hospital room,noun,6.35,2.32,2.86,2.19,
tenderness,noun,5.19,2.39,7.64,1.29,
painful,adj,6.27,2.44,1.93,1.44,
line of work,noun,5.89,2.37,6.98,1.97,
see,verb,5.19,2.39,7.64,1.29,
pecker,noun,4.33,1.78,5.19,1.27,
body process,noun,7.36,1.91,8.05,1.53,
fun,noun,5.5,2.91,8.56,0.81,
subject area,adj,4.5,1.91,6.89,1.7,
beat up,verb,4.2,1.93,4,1.8,
aim,noun,5.86,1.81,7,1.34,
tract,noun,4.08,2.41,6.2,1.37,
objection,noun,5,2.19,3.14,1.56,
sarcastic,adj,4.24,2.17,3.95,2.09,
indecent,adj,4.21,1.84,4.55,1.42,
rumourmonger,noun,4.38,2.24,5.72,2.43,
guardian,noun,5.85,3.15,8.44,0.9,
questionable,adj,6.25,1.59,3.76,1.42,
garble,verb,6.41,2.94,1.82,1.45,
diplomatical,adj,3.29,1.89,4.1,1.08,
Holy Scripture,noun,4.17,2.49,5.72,1.54,
bloodsucking,adj,6.41,2,2.9,1.98,
blubber,noun,3.87,2.82,2.73,1.85,
laurels,noun,6.55,2.46,7.93,1.29,
office,noun,3.15,1.77,5.08,0.98,
consider,verb,6.75,2.3,8.27,0.9,
summit,noun,4.28,2.53,6.58,1.42,
cheer,verb,5.78,2.6,7.8,1.83,
violation,noun,4.93,2.34,3.75,2.26,
hold,verb,4.49,1.9,6.49,1.7,
memorial park,noun,4.82,2.66,2.63,1.4,
cult,noun,8.17,1.4,2.41,1.86,
optimistic,adj,5.78,2.09,7.1,1.46,
rivet,verb,4.65,2.13,5.2,1.28,
sufferer,noun,5.39,2.46,3.76,2,
love,noun,4.51,2.25,6.73,1.7,
rarefied,adj,3.27,2.05,4.88,1.83,
dilute,verb,5.86,2.7,5.2,2.54,
leap out,verb,5.67,2.51,7.76,1.51,
timber,noun,4.73,2.64,7.02,1.57,
disfavour,verb,4.12,2.01,3.81,1.42,
blameful,adj,6.04,2.76,2.63,1.98,
community,noun,4.08,1.87,5.92,1.34,
assemblage,noun,5.63,2.36,6.88,1.74,
black Maria,noun,3.98,2.04,5.37,0.97,
succour,noun,3.93,2.85,7.07,2.14,
conspicuous,adj,6.24,2.59,7.75,1.75,
unity,noun,5.5,2.66,6.88,1.93,
misbehaviour,noun,5.6,2.65,7.98,1.22,
grotty,adj,4.89,2.5,3.58,2.38,
compel,verb,6.07,2.26,3.38,1.61,
behaviour,noun,4.56,1.78,5.64,1.34,
motorcar,noun,7.33,1.96,2.47,1.5,
recorder,noun,4.69,1.99,5.81,1.21,
effective,adj,4.02,2.41,4.68,1.97,
guide,verb,4.4,2.07,5.95,1.38,
cerebration,adj,4.84,2.57,6,2.21,
deliver the goods,verb,5.73,2.09,4.33,2.35,
liberal arts,adj,7.59,2.07,8.32,1,
straighten out,verb,3.98,2.22,6.3,1.56,
describe,verb,3.7,2.18,5.68,1.62,
let,verb,4.54,1.86,6.46,1.52,
souvenir,noun,4.54,1.86,6.46,1.52,
racy,adj,4.31,2.2,6.76,1.78,
bright,adj,5.39,2.82,6.73,2.17,
woebegone,adj,4.1,1.94,4.28,1.84,
position,verb,3.36,2.28,5.05,1.46,
take on,verb,5.04,2.18,6.39,1.6,
woman's doctor,noun,4.52,2.37,5.56,1.38,
stand,verb,3.93,2.49,4.82,2.06,
warm,adj,4.88,2.3,6.93,1.28,
book,noun,3.62,2.02,4.79,1.05,
itemise,verb,4.25,2.47,5.55,2.24,
effort,noun,6.84,2.06,7.13,1.58,
untrue,adj,6.2,2.7,2.05,1.55,
disperse,verb,4.14,2.28,5.45,1.63,
existing,adj,5.12,2.39,6.95,1.85,
substance,noun,4.89,2.46,6.28,1.45,
statement,noun,5.41,2.43,6.63,1.68,
component,noun,3.24,2.08,5.26,0.86,
sorry,adj,4.13,2.38,1.61,0.95,
fauna,noun,5.57,2.61,4.23,2.41,
plump for,verb,5.85,3.15,8.44,0.9,
upbeat,noun,5.13,2.35,6.81,1.88,
major,adj,5.83,2.44,7.27,1.66,
enfold,verb,5.28,2.51,4.32,1.91,
ascertain,verb,5.39,2.22,7.15,1.49,
deary,noun,5.1,2.59,6.79,2.32,
profits,noun,6.68,1.78,7.63,1.3,
kick out,verb,5,2.83,6.42,2.05,
cracked,adj,5.33,2.04,4.74,2,
unadorned,adj,3.52,2.05,4.39,1.46,
wholesome,adj,3.18,1.76,4.74,1.02,
decrement,noun,4.7,2.48,4.09,2.21,
turn,verb,5.69,2.15,7.65,1.16,
BM,noun,4,2.14,4.56,1.72,
adventure,verb,5.38,2.58,6.02,1.77,
blue,noun,5,2.72,7,1.88,
ware,verb,4.93,2.4,6.21,2.03,
Yuletide,noun,6.27,2.56,7.8,1.55,
troops,noun,3.89,2.17,5.89,1.55,
enthusiast,noun,5.66,2.26,2.48,2.08,
mar,verb,4.67,2.35,3.32,2.32,
source,noun,4.21,2.94,7.91,1.63,
odor,noun,5.05,2.36,6.76,1.48,
excruciation,noun,7.26,2.57,8.03,1.27,
seventh heaven,noun,7.38,1.92,7.98,1.52,
ca-ca,verb,4,2.14,4.56,1.72,
screaming,noun,5.36,2.91,3.93,2.22,
young lady,noun,5.53,2.8,8.22,1.2,
ply,verb,4.29,2.51,6.46,1.69,
reverend,noun,5.51,2.77,7.26,1.67,
view,verb,4.54,1.86,6.46,1.52,
wild,adj,6.76,2.26,2.44,1.72,
gloriole,noun,6.02,2.71,7.55,1.68,
Order,noun,4.41,2.71,6.42,2,
easygoing,adj,4.48,2.82,7.1,1.91,
dwelling house,noun,4.21,2.94,7.91,1.63,
risk,verb,6.98,2.15,7.6,1.5,
unfortunate person,noun,4.95,2.81,1.7,1.07,
important,adj,3.7,2.18,5.68,1.62,
powerless,adj,4.57,2.59,2.81,1.92,
perish,verb,6.03,3.19,1.56,0.96,
take a hop,verb,4.9,2.35,4.31,2.18,
concavity,noun,3.91,1.92,4.36,1.21,
business,noun,4.08,2.41,6.2,1.37,
assault,verb,6.83,2.26,3.52,2.12,
variety,noun,4.73,2.64,7.02,1.57,
interdict,verb,5,2.83,6.42,2.05,
reveal,verb,5.67,2.51,7.76,1.51,
do in,verb,4.14,2.3,2.93,1.76,
pocket-sized,adj,3.98,2.24,5.76,1.28,
diplomatist,noun,5.96,2.63,2.79,1.92,
magnate,noun,6.67,1.87,6.54,2.21,
interpersonal,adj,4.98,2.59,6.88,1.82,
Canis familiaris,noun,5.85,2.78,7.56,1.9,
chivy,verb,5.36,2.89,3.82,1.73,
conjoin,verb,6.39,2.31,7.41,1.97,
tormentor,noun,5.62,2.15,3.13,1.82,
gain,verb,5.73,2.09,4.33,2.35,
persuasion,noun,5,2.68,6.68,1.84,
dandy,adj,5.43,2.85,7.47,1.45,
found,verb,4.25,2.47,5.55,2.24,
fresh,adj,4.53,2.38,2.26,1.37,
leanness,noun,4.57,2.38,3.52,1.99,
inutile,adj,4.87,2.58,2.13,1.42,
breeze through,verb,4.37,2.32,6.85,1.71,
machine rifle,noun,5,2.83,6.42,2.05,
bear on,verb,5.73,2.09,4.33,2.35,
jaw,verb,6,2.43,7.18,1.97,
piece of land,noun,4.08,2.41,6.2,1.37,
undress,verb,4.05,1.89,6.41,1.34,
jubilate,verb,6.02,2.71,7.55,1.68,
misfortune,noun,6.24,2.64,1.78,1.31,
elastic,adj,5.53,2.9,7.2,1.97,
oaf,noun,4.8,2.82,4.16,2.34,
babyish,adj,4.15,1.96,3.39,1.7,
project,noun,6.98,2.15,7.6,1.5,
flutter,noun,5.71,2.34,4.95,2.22,
fille,noun,4.29,2.69,6.87,1.64,
low,adj,3.74,2.33,5.86,1.42,
withdraw,verb,5.15,3.04,8.26,1.31,
freehanded,adj,5.95,2.73,7.93,1.47,
natural event,noun,6.95,2.44,2.31,1.44,
movement,noun,7.49,2.16,2.08,1.91,
body substance,noun,5.5,2.91,8.56,0.81,
pridefulness,noun,4.98,2.31,4.3,1.91,
nonesuch,noun,4.49,1.9,6.49,1.7,
Negroid,noun,4.61,2.24,5.39,1.8,
lambent,adj,5.4,2.33,7.5,1.55,
store,noun,4.12,2.36,3.21,1.87,
illogical,adj,6.03,1.88,3.21,1.51,
trim,verb,4.59,2.1,3.83,1.7,
get ahead,verb,7.72,2.16,8.38,0.92,
impedimenta,noun,5,2.83,6.42,2.05,
exercise,noun,5.28,2.12,6.47,1.81,
heel,noun,5.76,2.5,7.57,1.66,
bloom,noun,5.03,2.65,7.26,1.18,
lick,verb,5.41,2.43,6.63,1.68,
overlook,verb,4.3,2.26,4.35,1.23,
concern,verb,5.66,2.26,6.97,1.53,
infract,verb,5.78,2.21,2.8,1.67,
coarse-grained,adj,4.21,1.84,4.55,1.42,
booster,noun,5.74,2.57,7.74,1.24,
upside,noun,4.28,2.53,6.58,1.42,
olfactory property,noun,5.46,2.47,7.02,1.84,
pinhead,noun,4.35,2.25,3.38,1.7,
evildoing,noun,6.39,2.44,3.23,2.64,
plump out,verb,4.81,2.8,2.28,1.92,
moody,adj,5.1,1.95,3.93,1.98,
make do,verb,5,2.32,3.64,2.08,
spectral colour,noun,5.29,2.04,6.41,1.61,
plate armour,noun,4.71,2.84,4.9,2.2,
touch,verb,5.73,2.09,4.33,2.35,
overcloud,verb,4.3,2.26,4.35,1.23,
acquire,verb,5,2.32,3.64,2.08,
frightened,adj,7.86,2.27,1.72,1.14,
waste matter,noun,5.12,2.32,2.47,1.68,
respectful,adj,4,1.6,5.35,1.21,
soaker,noun,5.69,2.36,2.84,2.34,
uprooter,noun,6.4,1.88,2.71,1.91,
taking into custody,noun,4.59,2.1,3.83,1.7,
murder,noun,5.33,2.63,2.28,1.74,
beneficence,noun,5.76,1.95,5.57,2.05,
establishment,noun,3.59,2.07,4.61,1.4,
incommode,verb,6.85,2.03,3.03,2.09,
rebound,verb,5.67,2.51,7.76,1.51,
relax,verb,6.53,2.1,3.56,1.36,
colour,verb,4.73,2.64,7.02,1.57,
parcel,noun,4.08,2.41,6.2,1.37,
unruffled,adj,2.82,2.13,5.58,1.83,
wrestling hold,noun,4.47,1.76,5.05,0.96,
mould,verb,3.82,2.4,5.09,1.67,
softness,noun,3.81,2.27,3.29,1.69,
birth,noun,4.59,3.07,1.61,1.4,
frame,noun,3.89,2.17,5.89,1.55,
yokelish,adj,6.31,2.47,2.5,2.11,
turned on,adj,6.63,2.7,7.97,1,
rum,adj,4.27,2.46,4.82,2.04,
pool,noun,5.3,2.66,6.68,2.71,
emotionalism,noun,3.73,2.4,7.41,1.81,
newsmonger,noun,5.74,2.38,3.48,2.33,
kvetch,verb,4.9,2.35,4.31,2.18,
computation,noun,5.86,1.81,7,1.34,
gent,noun,5.76,2.5,7.57,1.66,
have,verb,3.36,2.18,5.89,1.73,
artificial,adj,4.09,2.37,6.59,1.57,
legal instrument,noun,4.89,2.46,6.28,1.45,
noisome,adj,4.93,2.23,2.81,1.52,
issue,noun,5.1,2.4,6.21,1.63,
lily-livered,adj,6.33,2.28,2.25,1.18,
appalled,adj,6.67,2.54,2,1.28,
polar,adj,4.75,2.56,3.5,1.85,
hanker,verb,5,2.45,2.46,1.52,
nonachievement,noun,4.83,2.31,2.63,1.64,
evenfall,noun,4.7,2.41,7.23,1.8,
accept,verb,5.9,1.83,7.66,1.24,
strict,adj,4.31,2.2,6.76,1.78,
offend,verb,5.78,2.21,2.8,1.67,
waste-yard,noun,4.12,2.36,3.21,1.87,
ailing,adj,4.29,2.45,1.9,1.14,
disconsolate,adj,2.98,2.18,3.05,1.58,
regulate,verb,4.64,2.75,5.31,2.02,
gangland,noun,4.8,2.71,7.65,1.55,
pipe down,verb,2.82,2.13,5.58,1.83,
correct,verb,7.25,2.25,8.19,1.13,
throttle,noun,7.02,1.84,3.47,2.48,
hurt,verb,6.22,1.91,2.73,1.72,
come up to,verb,5.27,2.31,7,1.52,
sizable,adj,3.98,2.22,6.3,1.56,
wealthiness,noun,4.75,2.91,7.88,1.49,
john,noun,3.88,1.72,5.55,1.36,
tit,noun,5.56,2.55,6.27,1.81,
shut in,verb,4.27,2.07,4.75,1.38,
edulcorate,verb,4.58,2.4,6.54,2.09,
dinero,noun,5.64,2.18,6.74,1.73,
fit out,verb,5.12,2.42,5.93,2.1,
toying,noun,6.91,1.69,7.52,1.19,
friend,noun,5.85,3.15,8.44,0.9,
house of worship,noun,4.34,2.45,6.28,2.31,
humour,noun,7.22,2.01,8.37,1.11,
employ,verb,4.14,2.3,2.93,1.76,
mother,noun,5.92,2.6,7.08,2.2,
waggon,noun,3.98,2.04,5.37,0.97,
strong,adj,5.47,2.2,6.82,1.63,
brute,noun,5.64,2.51,6.89,2.12,
role player,noun,3.62,2.25,5.98,1.83,
quaggy,adj,4.13,2.13,4.44,2.07,
unguaranteed,adj,5.56,2.34,2.36,1.33,
minify,verb,4.65,2.13,5.2,1.28,
floozie,noun,4.93,2.82,3.34,2.31,
infliction,noun,4.49,2.69,3.27,1.86,
comic,noun,5.44,2.47,7.05,1.96,
sissified,adj,5.17,2.57,3.14,1.96,
get rid of,verb,5,2.32,3.64,2.08,
caper,noun,5.89,2.37,6.98,1.97,
artefact,noun,4.14,1.98,5.3,1.2,
conjugation,noun,6.34,2.35,6.48,2.45,
creative thinking,noun,4.66,2.43,6.62,1.84,
cause,verb,5,2.53,6.97,1.91,
mortal,noun,3.82,2.4,5.09,1.67,
unpaid,adj,5.15,3.04,8.26,1.31,
weaken,verb,5,2.32,3.64,2.08,
person,noun,3.95,1.97,5.05,1.34,
lot,noun,4.95,2.81,1.7,1.07,
nipper,noun,5.55,2.29,7.08,1.98,
half-wit,noun,4.21,2.47,3.16,1.91,
esteem,verb,6.96,2.17,2.76,2.12,
humanistic,adj,4.5,1.91,6.89,1.7,
monstrous,adj,5.38,2.23,2.43,1.27,
fulfill,verb,5.41,2.43,6.63,1.68,
corrupt,adj,4.98,2.48,3.5,2.16,
watchful,adj,6.85,2.53,6.2,1.76,
coddle,verb,5.53,2.8,8.22,1.2,
get along,verb,6.02,2.58,7.73,1.34,
snarf,verb,4.59,2.1,3.83,1.7,
get laid,verb,6.44,3.35,8.72,0.7,
travelling,noun,4.12,2.3,6.34,1.56,
fixings,noun,4.37,2.14,6.47,1.59,
raiment,verb,4.49,2.5,6.07,1.61,
life-threatening,adj,5.26,2.36,3.2,1.74,
euphoric,adj,4.18,2.5,1.57,0.96,
twitch,verb,4.59,2.1,3.83,1.7,
defence,noun,4.48,2.29,4.05,1.41,
screeching,noun,5.36,2.91,3.93,2.22,
mirthful,adj,5.57,2.8,7.41,1.92,
construction,noun,3.47,2.12,5.33,1.33,
side arm,noun,5.55,2.39,4.02,2.44,
electrical device,noun,3.36,2.12,4.82,1.23,
cut off,verb,5,2.32,3.64,2.08,
representative,noun,4.48,2.29,4.05,1.41,
war paint,noun,4.1,2.36,5.62,1.72,
state,noun,6.67,1.87,6.54,2.21,
scholar,noun,7.25,2.25,8.19,1.13,
typeface,noun,5.6,2.21,6.8,1.61,
tart,noun,5.85,2.93,2.3,2.11,
send away,verb,7.17,2.06,3.22,2.06,
boy,noun,4.29,2.69,6.87,1.64,
bemire,verb,3.98,2.29,3.37,1.34,
proceeding,noun,4.93,2.44,3.37,2,
festering,noun,4.82,2.06,2.86,1.91,
tease,verb,5.57,2.8,7.41,1.92,
Hell,noun,5.61,3.2,7.3,2.39,
kinfolk,noun,4.25,2.47,5.55,2.24,
pedagogue,noun,4.37,2.14,6.47,1.59,
fall flat,verb,4.7,2.48,4.09,2.21,
pitch,verb,4.39,2.29,5.88,1.62,
take chances,verb,6.98,2.15,7.6,1.5,
mental imagery,noun,4.53,2.72,6.73,1.75,
separate,verb,6.33,2.71,2.22,1.88,
homo,noun,5.12,2.27,4.67,2.45,
pass,verb,5.15,3.04,8.26,1.31,
wealth,noun,4.87,2.66,1.67,0.9,
memory board,noun,5.42,2.25,6.62,1.5,
propitious,adj,6.53,2.34,8.17,1.06,
nictitation,noun,5.44,2.68,6.93,1.83,
nail,verb,5.5,2.66,6.88,1.93,
crenellated,adj,5.36,2.37,4.39,1.63,
block off,verb,5,2.83,6.42,2.05,
disturbed,adj,4.29,2.45,1.9,1.14,
falsity,noun,5,2.77,7.8,1.29,
fighter,noun,5.12,2.26,5.51,1.8,
wearable,noun,4.49,2.5,6.07,1.61,
force,noun,4.1,2.24,5.55,1.58,
sink in,verb,4.39,2.81,6.16,2.33,
stir up,verb,5.8,2.39,3.66,2,
cut away,verb,5,2.32,3.64,2.08,
falsification,noun,6.1,2.77,1.56,0.79,
individual,noun,6.11,2.65,8.29,0.93,
wrong,adj,4.98,2.48,3.5,2.16,
leave out,verb,4.83,2.31,2.63,1.64,
discolor,verb,4.61,2.24,5.39,1.8,
brown,noun,5.29,2.55,6.88,1.89,
saddening,adj,4.13,2.38,1.61,0.95,
spiritedness,noun,6.02,2.62,7.27,1.88,
unfortunate,adj,4.61,2.24,5.39,1.8,
righteous,adj,4.49,2.28,6.2,1.85,
ironist,noun,5.39,2.53,6.46,1.76,
criminal,noun,4.76,2.4,5.67,1.91,
get up,verb,3.31,1.98,5.29,1.27,
occur,verb,4.7,2.48,4.09,2.21,
fortify,verb,3.14,2.47,7.57,1.76,
hall,noun,5.1,2.75,7.19,1.78,
Indo-Hittite,noun,4.2,2.4,6.41,1.89,
evil spirit,noun,6.76,2.68,2.11,1.56,
wintry,adj,4.75,2.56,3.5,1.85,
come down,verb,5.54,2.37,3.29,1.95,
performing,noun,3.85,2.58,5.56,1.76,
kick down,verb,4.9,2.35,4.31,2.18,
clay sculpture,noun,4.07,1.98,3.55,1.7,
aggressiveness,noun,5.04,2.18,6.39,1.6,
morose,adj,4.28,2.21,4.71,2.36,
somatesthesia,noun,6.5,2.49,2.13,1.81,
create from raw material,verb,4.44,1.96,6.16,1.89,
toothsome,adj,5.34,2.51,7.5,1.08,
survival,noun,4.66,2.12,5.85,1.53,
talk over,verb,3.15,1.77,5.08,0.98,
ire,noun,8.17,1.4,2.41,1.86,
elate,verb,8.02,1.65,8.05,1.48,
inclementness,noun,3.46,1.92,3.65,1.61,
put on,adj,3.43,2.09,3.27,1.4,
forbearing,adj,4.21,2.37,5.29,1.89,
poet,noun,3.7,2.18,5.68,1.62,
rat,verb,4.14,2.11,6.12,1.44,
exhaust,verb,5.69,2.51,7.47,1.73,
antipathetical,adj,6.44,2.28,2.73,1.5,
graphic symbol,noun,4.9,2.37,6.61,1.59,
ludicrous,adj,4.36,2.2,4.26,1.82,
fashion,noun,3.91,2.64,7.52,1.23,
articulatio cubiti,noun,3.81,2.14,5.12,0.92,
color-blind,adj,4.39,2.36,3.05,1.99,
piles,noun,5.49,2.43,6.59,1.66,
render,verb,6,2.02,3.19,1.66,
intellect,noun,5.12,2.46,7.26,1.42,
motion picture,noun,4.93,2.54,6.86,1.81,
mother fucker,noun,6.07,2.15,3.36,2.16,
get in,verb,3.36,2.12,4.82,1.23,
repel,verb,6.56,2.34,4.13,1.78,
obstreperous,adj,6.1,2.51,4.26,2.12,
gracefulness,noun,4.85,1.8,6.46,1.57,
death,noun,2.8,2.66,7.2,1.77,
de luxe,adj,4.53,2.65,7.43,1.26,
stymy,verb,4.12,2.01,3.81,1.42,
agitate,verb,7.15,2.19,3.76,2.63,
tang,noun,5.59,2.66,6.79,2.04,
ravisher,noun,5.5,2.73,8.42,0.83,
preclude,verb,4.95,2.19,6.45,1.93,
groundwork,noun,3.61,2.56,7.51,1.38,
stinkpot,noun,4.95,2.36,3.02,1.66,
spent,adj,2.64,2.19,3.28,1.43,
persona non grata,noun,6.86,2.41,2.77,2.32,
indicant,noun,4.3,2.26,4.35,1.23,
clear,adj,5.4,2.33,7.5,1.55,
partner,noun,4.93,2.22,6.33,1.97,
nutriment,noun,5.62,2.25,7.36,1.38,
theologist,noun,5.92,2.6,7.08,2.2,
half-witted,adj,4.72,2.71,2.31,1.37,
disrespect,noun,6.83,2.7,1.8,1.23,
compressible,adj,4.63,2.61,7.12,1.34,
dynasty,noun,6.07,2.42,7.1,1.97,
loathly,adj,6.09,2.44,2.96,2.37,
puking,noun,5.75,2.84,2.06,1.57,
round,verb,6.83,2.7,1.8,1.23,
decrease,verb,3.39,2.22,3.93,1.6,
triggerman,noun,7.02,1.84,3.47,2.48,
breach,verb,5.56,2.06,2.76,1.5,
piece of ground,noun,5.53,2.96,7.92,1.2,
disgrace,verb,4.93,2.23,2.81,1.52,
component part,noun,3.24,2.08,5.26,0.86,
excuse,verb,4.73,2.64,7.02,1.57,
lose,verb,7.72,2.16,8.38,0.92,
writer,noun,5.75,2.47,7.08,1.83,
crossway,noun,3.91,1.92,4.36,1.21,
unregretful,adj,5.74,2.32,2.28,1.42,
bag,noun,4.21,2.94,7.91,1.63,
colorlessness,noun,4.73,2.64,7.02,1.57,
disagreement,noun,5.02,2.24,7.08,1.59,
mart,noun,4.12,1.83,5.66,1.02,
hawk,noun,3.79,2.28,6.9,1.54,
build,noun,4.19,2.45,6.32,1.74,
withstand,verb,6.15,2.45,7.15,1.64,
criticism,noun,7.17,2.06,3.22,2.06,
miscreant,noun,6.26,2.61,2.79,2.12,
displeased,adj,5.42,2.59,2.45,1.41,
wizard,adj,5.95,2.36,7.46,1.64,
peter,noun,4.7,2.59,3.98,1.73,
Wain,noun,3.98,2.04,5.37,0.97,
humble,adj,5.43,2.42,3.05,1.92,
grieve,verb,3.72,2.02,3.37,1.57,
anguish,verb,6.1,2.77,1.56,0.79,
declension,noun,4.7,2.48,4.09,2.21,
big,adj,5.56,3.01,8.03,1.56,
goosey,adj,4.72,2.71,2.31,1.37,
bare,adj,3.52,2.05,4.39,1.46,
die,verb,6.95,2.44,2.31,1.44,
smart,adj,3.91,2.64,7.52,1.23,
jerk off,verb,5.67,2.18,5.45,2.02,
cristal,noun,7.38,1.92,7.98,1.52,
sick,adj,5.8,2.88,2.05,1.2,
unlucky,adj,6.53,2.34,8.17,1.06,
port,noun,3.8,2.18,5.22,1.13,
pant,noun,4.37,2.14,6.47,1.59,
armored vehicle,noun,4.88,1.86,5.16,1.87,
wiener,noun,5.76,2.5,7.57,1.66,
helper,noun,5.8,3.01,7.73,1.56,
nervous strain,noun,7.45,2.38,2.09,1.41,
minx,noun,5.87,2.56,4.84,2.51,
obtuse,adj,3.39,2.22,3.93,1.6,
full general,noun,4.93,2.82,3.34,2.31,
respire,verb,5,2.53,6.97,1.91,
leal,adj,5.16,2.42,7.55,1.9,
arouse,verb,5.86,2.4,2,1.18,
superior,adj,4.48,2.12,6.25,1.59,
titty,noun,5.37,2.39,6.5,1.78,
servile,adj,6.21,2.93,1.84,1.13,
bacchanal,noun,6.39,2.63,2.96,1.93,
get,verb,4,2.14,4.56,1.72,
billet,noun,4.08,1.92,5.24,1.59,
Christ,noun,5.8,3.01,7.73,1.56,
occurrent,noun,6.26,2.87,2.05,1.19,
raspberry,noun,3.17,2.23,7.27,1.36,
loathsome,adj,4.93,2.23,2.81,1.52,
pot,noun,4,2.14,4.56,1.72,
bespoken,adj,4.66,2.12,5.85,1.53,
jot,noun,4.59,2.1,3.83,1.7,
light source,noun,6,2.02,3.19,1.66,
import,noun,4.49,2.28,6.2,1.85,
go-cart,noun,4.84,2.17,5.47,1.88,
incurvature,noun,3.47,2.12,5.33,1.33,
chick,noun,3.17,2.23,7.27,1.36,
the great unwashed,noun,5.94,2.09,7.33,1.7,
destroy,verb,6.81,3.17,1.25,0.91,
lesion,noun,5,2.32,3.64,2.08,
ill-treat,verb,6.83,2.7,1.8,1.23,
nationalistic,adj,5.16,2.42,7.55,1.9,
inhibit,verb,5.44,2.68,6.93,1.83,
countenance,noun,5.04,2.18,6.39,1.6,
keeper,noun,4.84,2.04,6.08,2.08,
confab,verb,5.74,2.38,3.48,2.33,
conceive of,verb,4.53,2.72,6.73,1.75,
make whoopie,verb,6.39,2.63,2.96,1.93,
decent,adj,3.98,2.24,5.76,1.28,
account,noun,6.02,2.62,7.27,1.88,
navigator,noun,4.44,1.96,6.16,1.89,
litterateur,noun,3.36,2.18,5.89,1.73,
laden,adj,5.63,2.07,2.5,1.32,
electric-light bulb,noun,4.1,2.02,5.61,1.28,
increase,verb,4.7,2.48,4.09,2.21,
reassured,adj,6.22,2.41,7.98,1.29,
somatic sensation,noun,6.07,2.26,3.38,1.61,
lift,verb,3.95,2.28,5.46,1.75,
incomparable,adj,4.83,2.66,2.41,1.77,
dishearten,verb,6.12,2.45,8.1,1.17,
brassy,adj,5.38,2.37,4.35,1.76,
unquiet,adj,5.94,2.36,2.17,1.21,
jitney,noun,3.55,1.8,4.51,1.57,
kindred,noun,4.8,2.71,7.65,1.55,
come,verb,5.73,2.09,4.33,2.35,
tittle-tattle,noun,5.74,2.38,3.48,2.33,
flip,verb,5,2.32,3.64,2.08,
articulatio plana,noun,4.16,2.03,5.27,1.54,
bird,noun,4.24,2.43,6.09,1.96,
macrocosm,noun,5.32,2.39,6.5,2.03,
troubled,adj,6.59,2.07,3.29,1.47,
largo,adj,3.39,2.22,3.93,1.6,
set off,verb,3.82,2.24,5.11,1.78,
ratter,noun,5.5,2.55,2.45,1.8,
nightfall,noun,4.7,2.48,4.09,2.21,
ring,verb,3.86,2.13,5.67,1.26,
coition,noun,7,2.07,7.36,1.57,
misconduct,noun,5.57,2.26,3.05,1.65,
toy with,verb,5.11,2.84,7,2.01,
penalisation,noun,5.32,3.19,8.13,1.09,
advance,verb,5.73,2.09,4.33,2.35,
publicize,verb,4.12,2.3,6.34,1.56,
approach,verb,5.04,2.18,6.39,1.6,
radiate,verb,5.44,2.68,6.93,1.83,
savage,adj,5.68,2.65,1.97,1.67,
level,noun,4.48,2.12,6.25,1.59,
quest,verb,4.48,2.29,4.05,1.41,
conflict,noun,6.56,2.34,4.13,1.78,
macabre,adj,4.29,2.45,1.9,1.14,
kinsfolk,noun,5.94,2.09,7.33,1.7,
compelling,adj,5.83,2.69,6.84,1.8,
mental faculty,noun,5.42,2.25,6.62,1.5,
creature,noun,5.1,2.59,6.79,2.32,
fizzle,noun,7.15,2.4,2.1,1.19,
congest,verb,4.93,2.23,2.81,1.52,
message,noun,4.17,2.02,4.61,1.63,
gage,noun,4.14,2.11,6.12,1.44,
student,noun,5.86,2.7,5.2,2.54,
bribable,adj,4.67,2.35,3.32,2.32,
clank,noun,6.95,2.44,2.31,1.44,
parent,noun,5.55,2.29,7.08,1.98,
wanton,adj,4.48,2.82,7.1,1.91,
peevishness,noun,5.1,2.59,6.79,2.32,
publishing firm,noun,2.5,1.85,5.2,1.21,
orphic,adj,4.84,2.57,6,2.21,
interrupted,adj,5.43,2.42,3.05,1.92,
tough luck,noun,4.76,2.55,2.45,1.61,
warranted,adj,3.14,2.47,7.57,1.76,
deoxyephedrine,noun,4.27,2.07,4.75,1.38,
unhealthiness,noun,5.61,2.67,2.25,1.71,
yellow-bellied,adj,4.43,2.05,5.61,1.94,
swine,noun,4.2,2.42,5.07,1.97,
malevolence,noun,6.08,2.44,2.68,1.81,
theologizer,noun,4.93,2.82,3.34,2.31,
scrapper,noun,3.17,1.84,5.33,1.2,
voiced,adj,5.12,2.19,5.22,1.82,
coward,noun,5.17,2.57,3.14,1.96,
interpose,verb,4.95,2.01,4.1,1.88,
superscript,noun,3.83,2.05,3.07,1.57,
desecrate,verb,4.05,2.59,7.19,1.69,
chaste,adj,5.51,2.06,6.45,1.76,
peace,noun,7.49,2.16,2.08,1.91,
traveller,noun,5.45,2.15,5.6,1.82,
unattackable,adj,3.14,2.47,7.57,1.76,
unpleasant person,noun,6.76,2.68,2.11,1.56,
color,verb,6.22,1.91,2.73,1.72,
dispel,verb,7.17,2.06,3.22,2.06,
confounded,adj,5.82,2.62,2.82,1.83,
watch,verb,4.1,2.12,5.78,1.51,
dishonour,verb,6.81,3.17,1.25,0.91,
geographic region,noun,3.88,1.99,5.33,0.87,
symbol,noun,5.9,1.83,7.66,1.24,
accumulation,noun,4.8,2.71,7.65,1.55,
information processing system,noun,4.75,1.93,6.24,1.61,
insert,verb,3.62,2.25,5.98,1.83,
check,verb,4.1,2.12,5.78,1.51,
break up,verb,3.82,2.24,5.11,1.78,
wound,verb,3.81,2.27,3.29,1.69,
signification,noun,5.56,2.62,7,1.32,
uncheerfulness,noun,6.12,2.45,8.1,1.17,
habitation,noun,4.56,2.41,7.26,1.72,
depression,noun,4.7,2.59,3.98,1.73,
monarch,noun,5.51,2.77,7.26,1.67,
inability,noun,6.67,1.87,6.54,2.21,
strident,adj,4.63,2.61,7.12,1.34,
go,verb,4.7,2.48,4.09,2.21,
sexual activity,noun,6.44,3.35,8.72,0.7,
cognisant,adj,5.5,2.74,7.25,2.22,
playwright,noun,4.07,2.19,2.74,1.64,
honey,noun,6.44,3.35,8.72,0.7,
becharm,verb,5.16,2.25,6.77,1.58,
bill,noun,6.07,2.67,7.47,1.72,
vesture,noun,4.05,1.89,6.41,1.34,
sense modality,noun,5.22,2.38,6.66,1.57,
content,noun,6.44,2.58,8.2,1.15,
demoniacal,adj,5.83,2.45,2.85,1.94,
obloquy,noun,4.25,2.47,5.55,2.24,
putting to death,noun,5.73,3.14,1.25,0.69,
surface area,noun,5.14,2.54,6.78,1.66,
unbroken,adj,5.43,2.42,3.05,1.92,
unmanageable,adj,5.18,2.4,4,2.22,
awkward,adj,5.12,2.19,5.22,1.82,
arrive at,verb,5.37,2.39,6.5,1.78,
echt,adj,5.32,1.92,7.7,1.43,
curative,noun,5.75,2.84,2.06,1.57,
spigot,noun,3.71,1.75,5.02,0.93,
jibe,verb,3.18,1.76,4.74,1.02,
aged,noun,5.64,2.51,6.89,2.12,
unawed,adj,5.74,2.31,6.7,1.38,
sapient,adj,3.91,2.64,7.52,1.23,
suspensive,adj,6.53,2.1,3.56,1.36,
tranquillise,verb,2.82,2.13,5.58,1.83,
move out,verb,6.21,2.51,7.1,2,
amount,noun,5.29,2.04,6.41,1.61,
autonomous,adj,5.15,3.04,8.26,1.31,
employment,noun,6.84,2.06,7.13,1.58,
jointure,noun,3.68,1.99,5.16,1.57,
shelf,noun,3.27,2.23,4.93,1.4,
gunk,noun,5.36,2.63,2.68,1.66,
shout out,verb,5.36,2.91,3.93,2.22,
material,adj,4.05,2.34,5.26,1.29,
sweeten,verb,5.1,1.95,3.93,1.98,
poky,noun,5.49,2.67,1.95,1.27,
irksome,adj,3.39,2.22,3.93,1.6,
thought,noun,5.86,1.81,7,1.34,
suffering,noun,6.1,2.77,1.56,0.79,
tag,verb,5.76,2.5,7.57,1.66,
desire,verb,6.88,1.85,7.12,1.62,
abbreviate,verb,4.65,2.13,5.2,1.28,
modify,verb,4.88,2.3,6.93,1.28,
latter-day,adj,5.12,2.39,6.95,1.85,
conceiver,noun,5.92,2.6,7.08,2.2,
mental object,noun,5.92,2.11,7.65,1.37,
bodily structure,noun,4.36,2.13,5.28,1.44,
warmness,noun,6.34,2.25,7.39,1.53,
attached,adj,6.77,2.07,8,1.38,
social function,noun,6.69,2.84,7.86,1.83,
wrongdoer,noun,4.79,2.51,2.93,1.66,
get at,verb,5.76,2.15,3.11,1.67,
ingest,verb,5.22,2.38,6.66,1.57,
motor vehicle,noun,3.82,2.4,5.09,1.67,
contend,verb,7.15,2.19,3.76,2.63,
defect,noun,4.79,2.11,3.38,1.7,
cerise,adj,5.29,2.04,6.41,1.61,
shaver,noun,5.88,2.38,7.41,1.8,
tantalise,verb,5.87,2.56,4.84,2.51,
frustrate,verb,6.47,2.47,2.23,1.72,
eye,noun,2.95,1.72,4.95,0.98,
gaming house,noun,6.51,2.12,6.81,1.66,
limit,verb,4.25,2.47,5.55,2.24,
faker,noun,5.75,2.45,2.67,1.66,
oily,adj,4.81,2.8,2.28,1.92,
ballock,noun,3.76,2.39,5.29,1.82,
female child,noun,4.58,2.37,6.32,1.6,
disagreeable person,noun,4.98,2.03,2.81,1.92,
skillful,adj,5.43,2.85,7.47,1.45,
ill-smelling,adj,5.1,1.95,3.93,1.98,
fantasm,noun,4.3,2.26,4.35,1.23,
communicable disease,noun,5.19,2.23,4.02,1.99,
card,noun,3.93,2.56,5.34,1.75,
lax,adj,6.53,2.1,3.56,1.36,
gag law,noun,6.56,2.54,2.48,2.11,
field of study,noun,4.08,2.41,6.2,1.37,
devilment,noun,5.76,1.95,5.57,2.05,
appal,verb,6.83,2.26,3.52,2.12,
mortal sin,noun,4.71,2.26,3.51,1.93,
automobile,noun,3.55,1.8,4.51,1.57,
feminist,noun,5,2.77,7.8,1.29,
corporate,adj,4.05,2.34,5.26,1.29,
law-makers,noun,4.56,2.41,7.26,1.72,
dismal,adj,4.28,2.21,4.71,2.36,
playing area,noun,5.53,2.96,7.92,1.2,
inchoative,adj,4.15,1.96,3.39,1.7,
excite,verb,6.56,2.34,4.13,1.78,
jinx,verb,4.68,2.23,6.76,1.6,
gizmo,noun,4.05,2.06,5.1,1.21,
displace,verb,3.82,2.24,5.11,1.78,
rest day,noun,5.04,2.66,7.55,1.85,
inebriant,noun,4.78,2.34,5.95,2.19,
uncork,verb,3.8,2.18,5.22,1.13,
cohere,verb,4.07,1.98,3.55,1.7,
king,noun,4.76,2.18,6.44,1.43,
scent,verb,5.05,2.36,6.76,1.48,
bring out,verb,7.24,2.06,1.68,1.02,
unsuccessful person,noun,6.21,2.79,2,1.31,
put-on,noun,5.75,2.45,2.67,1.66,
spectral color,noun,4.28,2.46,6.18,2.05,
contraceptive,noun,3.86,2.72,7.07,1.9,
hydrocarbon,noun,4.34,2.51,4.8,1.59,
bellicose,adj,5.83,2.33,5.1,1.68,
labourer,noun,4.4,2.07,5.95,1.38,
presiding officer,noun,3.15,1.77,5.08,0.98,
cheesy,adj,3.83,2.05,3.07,1.57,
trepid,adj,4.11,2.09,3.86,1.55,
venerate,verb,4.49,1.9,6.49,1.7,
alarming,adj,5.38,2.23,2.43,1.27,
mentation,noun,4.83,2.46,6.39,1.58,
lash,verb,4.38,2.24,5.72,2.43,
chunk,noun,4.8,2.82,4.16,2.34,
postponed,adj,5.62,2.39,3.07,1.74,
grease,noun,3.98,2.29,3.37,1.34,
go forth,verb,4.7,2.48,4.09,2.21,
prankish,adj,6.09,2.44,2.96,2.37,
furbish up,verb,5.86,2.7,5.2,2.54,
transparent gem,noun,5.53,2.96,7.92,1.2,
appease,verb,3.21,2.57,7.31,1.3,
colored,adj,5.29,2.04,6.41,1.61,
justify,verb,4.48,2.29,4.05,1.41,
distract,verb,6.85,2.03,3.03,2.09,
visual aspect,noun,4.73,2.64,7.02,1.57,
intense,adj,6.89,2.47,2.29,1.78,
seating area,noun,3.86,2.13,5.67,1.26,
incurvation,noun,4.54,3.19,1.85,1.67,
freshen,verb,4.12,2.3,6.34,1.56,
white,noun,4.61,2.24,5.39,1.8,
flag down,verb,4.6,2.35,6.02,1.66,
auto,noun,3.41,2.14,5,1.96,
spite,verb,5.85,2.49,1.9,1.26,
honour,noun,5.39,2.44,7.78,1.22,
mistrust,verb,5.3,2.66,6.68,2.71,
reach,verb,6.85,2.03,3.03,2.09,
small,adj,3.83,2.05,3.07,1.57,
spotter,noun,4.1,2.12,5.78,1.51,
severity,noun,4.76,2.55,2.45,1.61,
degenerate,verb,4.14,2.3,2.93,1.76,
Beelzebub,noun,6.07,2.61,2.21,1.99,
start,verb,4.7,2.48,4.09,2.21,
author,noun,4.14,2.11,6.12,1.44,
vociferous,adj,6.38,1.78,5.02,2.02,
Arabian tea,noun,4.38,2.24,5.72,2.43,
gustatory sensation,noun,5.1,1.95,3.93,1.98,
construct,noun,3.82,2.24,5.11,1.78,
crook,noun,7.47,2.18,1.53,0.96,
saxist,noun,5.64,2.51,6.89,2.12,
emotional arousal,noun,7.67,1.91,7.5,2.2,
adult male,noun,4.38,2.24,5.72,2.43,
patrician,adj,3.21,2.57,7.31,1.3,
recyclable,adj,4.26,2.47,7.14,1.6,
cater,verb,5.62,2.25,7.36,1.38,
loose,verb,5.15,3.04,8.26,1.31,
unshapely,adj,4.07,2.34,2.41,1.66,
unsparing,adj,4.93,2.4,6.21,2.03,
secernate,verb,7.36,1.91,8.05,1.53,
radical,noun,5.29,2.04,6.41,1.61,
ideate,verb,5.14,2.82,7.41,1.9,
nosy,adj,5.82,1.64,6.08,1.63,
manservant,noun,5.24,2.31,6.73,1.7,
pudding head,noun,4.72,2.71,2.31,1.37,
exterior,noun,5.92,2.55,7.47,1.8,
stormy,adj,7.17,2.07,2.85,1.7,
well-off,adj,4.48,2.82,7.1,1.91,
create mentally,verb,5.98,2.14,7.32,1.52,
humans,noun,5.32,2.39,6.5,2.03,
give,verb,4.4,2.07,5.95,1.38,
slaphappy,adj,4.17,2.84,7.54,1.38,
find out,verb,5.39,2.22,7.15,1.49,
lover,noun,4.29,2.69,6.87,1.64,
courteous,adj,4.6,2.67,7.22,1.27,
nutrient,noun,5.21,2.46,6.83,1.48,
sept,noun,4.8,2.71,7.65,1.55,
pick at,verb,4.16,2.16,2.67,1.45,
beingness,noun,6.02,2.62,7.27,1.88,
grownup,adj,4.76,1.95,6.49,1.5,
first light,noun,5.06,3.05,7.86,1.35,
medical procedure,noun,6.35,2.32,2.86,2.19,
hypostasis of Christ,noun,5.92,2.6,7.08,2.2,
ornament,verb,5.38,2.54,7,1.72,
mogul,noun,5.51,2.77,7.26,1.67,
accord,noun,2.95,2.55,7.72,1.75,
daughter,noun,4.58,2.37,6.32,1.6,
cat,verb,4.29,2.45,1.9,1.14,
supply,verb,5.15,3.04,8.26,1.31,
simulacrum,noun,5.95,2.84,8.15,1.27,
soothe,verb,5.76,2.15,3.11,1.67,
prepare,verb,6.07,2.61,2.21,1.99,
exhort,verb,6.12,2.45,8.1,1.17,
forward motion,noun,6.02,2.58,7.73,1.34,
resourceful,adj,5.08,2.07,7.16,1.39,
imperil,verb,5.52,2.45,2.88,1.64,
successiveness,noun,3.65,2.35,5.08,2.51,
savorless,adj,3.29,1.89,4.1,1.08,
inveterate,adj,4.81,2.46,2.51,1.42,
inside,adv,5.92,2.55,7.47,1.8,
obturate,verb,6.03,3.19,1.56,0.96,
unit,noun,4.8,2.71,7.65,1.55,
concupiscence,noun,6.44,3.35,8.72,0.7,
ill-chosen,adj,5.18,2.4,4,2.22,
stinking,adj,4.53,2.38,2.26,1.37,
ascendent,noun,5.92,2.6,7.08,2.2,
troubler,noun,6.07,2.61,2.21,1.99,
alter,verb,5.45,2.15,5.6,1.82,
backside,noun,2.95,1.72,4.95,0.98,
raptor,noun,3.98,1.87,5.8,1.31,
break,noun,4.07,1.69,3.43,1.38,
selection,noun,5,2.32,3.64,2.08,
vault of heaven,noun,3.88,1.99,5.33,0.87,
property,noun,4.56,1.78,5.64,1.34,
story,noun,4.39,2.33,4.32,1.68,
confusion,noun,6.67,2.06,4.17,2.36,
applicant,noun,5.78,2.09,7.1,1.46,
spring chicken,noun,5.85,2.78,7.56,1.9,
visible radiation,noun,6.1,2.3,7.76,1.43,
inferno,noun,5.38,2.62,2.24,1.62,
disturbance,noun,6.85,2.03,3.03,2.09,
offensive activity,noun,5.83,2.73,3.13,2.24,
folie,adj,5.13,2.76,4.45,2.23,
dark,noun,4.61,2.24,5.39,1.8,
scream,noun,6.39,2.63,2.96,1.93,
do,verb,5.71,2.34,4.95,2.22,
animate,adj,5.5,2.74,7.25,2.22,
shake up,verb,8.02,1.65,8.05,1.48,
vexed,adj,5.94,2.36,2.17,1.21,
puzzle out,verb,5.41,2.43,6.63,1.68,
unfair,adj,4.93,2.23,2.81,1.52,
tough,adj,4.88,2.3,6.93,1.28,
terrible,adj,5.84,2.62,2.26,1.91,
amobarbital,noun,4.31,2.2,6.76,1.78,
terra firma,noun,4.24,2.49,7.15,1.67,
bellyache,verb,5,2.19,3.14,1.56,
travail,noun,6.85,2.03,3.03,2.09,
outlaw,noun,6.89,2.13,2.13,1.69,
cosmos,noun,4.37,2.51,7.65,1.37,
work,verb,6.07,2.26,3.38,1.61,
chromatic,adj,5.76,2.79,7.54,1.63,
lei,noun,4.28,2.53,6.58,1.42,
air current,noun,4.37,2.32,6.85,1.71,
symptom,noun,4.29,2.31,2.76,1.64,
frozen,adj,5.19,2.23,4.02,1.99,
daybreak,noun,4.39,2.81,6.16,2.33,
cockeyed,adj,4.02,2.41,4.68,1.97,
weapons system,noun,7.15,2.4,2.1,1.19,
tog,verb,4.05,1.89,6.41,1.34,
grace,verb,4.05,1.89,6.41,1.34,
irritate,verb,6.49,2.17,2.74,1.81,
yell,verb,7.04,1.96,3.88,2.07,
honey oil,noun,4.28,2.46,6.18,2.05,
guess,verb,5.98,2.14,7.32,1.52,
sinful,adj,6.09,2.44,2.96,2.37,
approval,noun,5.4,2.7,7.98,1.42,
address,verb,5.62,2.25,7.36,1.38,
argue,verb,6.29,2.56,2.93,2.06,
liven up,verb,5.56,2.62,7,1.32,
sexual abuse,noun,6.81,3.17,1.25,0.91,
deal,noun,6,2.02,3.19,1.66,
sapless,adj,4.1,2.07,3.26,1.47,
business concern,noun,4.56,2.41,7.26,1.72,
diminish,verb,4.6,2.35,6.02,1.66,
colly,verb,4.93,2.23,2.81,1.52,
rich,adj,5.8,2.73,7.7,1.34,
strip,verb,6.35,2.04,4.02,2.76,
surprised,adj,6.58,2.22,6.56,1.61,
four-year-old,adj,4.15,1.96,3.39,1.7,
child's play,noun,4.37,2.32,6.85,1.71,
trim down,verb,5,2.32,3.64,2.08,
deceiver,noun,5.78,2.47,2.22,1.69,
run,verb,5,2.32,3.64,2.08,
departed,adj,5.73,2.73,1.94,1.76,
pass along,verb,3.62,2.25,5.98,1.83,
dulcorate,verb,5.64,2.18,6.74,1.73,
fine-textured,adj,4.91,2.57,6.58,1.78,
arena,noun,3.88,1.99,5.33,0.87,
point in time,noun,3.83,2.29,5.76,1.65,
super,adj,5.5,2.66,6.88,1.93,
disceptation,noun,7.15,2.19,3.76,2.63,
brooding,adj,5.72,2.3,7.65,1.03,
drain,verb,4.14,2.3,2.93,1.76,
blossom,noun,4,2.44,6.64,1.78,
piece,noun,4.36,2.13,5.28,1.44,
trusty,adj,5.32,1.92,7.7,1.43,
angular,adj,3.18,1.76,4.74,1.02,
benevolent,adj,4.46,2.55,7.59,1.67,
mavin,noun,5.5,2.66,6.88,1.93,
ambience,noun,3.83,2.33,1.88,1.23,
international nautical mile,noun,4.07,2.15,4.64,1.36,
authority,noun,4.08,1.92,5.24,1.59,
underhanded,adj,4.67,2.35,3.32,2.32,
contract,verb,5,2.32,3.64,2.08,
snipe,verb,7.51,2.28,2.03,1.55,
deviltry,noun,5.38,2.62,2.24,1.62,
fellow feeling,noun,3.72,2.02,3.37,1.57,
idea,noun,4.89,2.46,6.28,1.45,
mouth,verb,4.57,2.38,3.52,1.99,
intrepid,adj,5.6,2.21,6.8,1.61,
worshipped,adj,6.38,2.68,8.64,0.71,
euphonious,adj,4.63,2.61,7.12,1.34,
furnish,verb,4.27,2.07,4.75,1.38,
split,verb,6.33,2.71,2.22,1.88,
kitchen appliance,noun,4.51,2.14,4.98,1.69,
programme,noun,5.17,2.11,5.3,1.67,
emotional state,noun,7.38,1.92,7.98,1.52,
change,verb,5.69,2.15,7.65,1.16,
opaque,adj,4.13,2.13,4.44,2.07,
oil,noun,5.07,2.37,3.12,1.65,
beat,verb,4.12,2.36,3.21,1.87,
span,noun,6.39,2.31,7.41,1.97,
fervency,noun,7.17,2.06,3.22,2.06,
roofy,noun,3.86,2.13,5.67,1.26,
upper side,noun,4.28,2.53,6.58,1.42,
apprehension,noun,3.83,2.33,1.88,1.23,
complain,verb,6.12,2.45,8.1,1.17,
record,noun,4.17,2.49,5.72,1.54,
sensation,noun,5.22,2.38,6.66,1.57,
heavy,adj,5.12,2.19,5.22,1.82,
gimpy,adj,5.89,2.37,6.98,1.97,
forge,verb,4.07,1.98,3.55,1.7,
flaming,adj,6.41,2,2.9,1.98,
rest,verb,2.8,2.66,7.2,1.77,
wet-nurse,verb,4.84,2.04,6.08,2.08,
somebody,noun,4.21,1.99,6.51,1.34,
jest at,verb,5.83,2.73,3.13,2.24,
cry,verb,4.57,2.38,3.52,1.99,
nebuliser,noun,4.14,2.28,5.45,1.63,
funeral,noun,5.08,2.4,2.05,1.41,
coquette,verb,3.47,2.39,7.17,1.2,
expert,noun,4.75,1.93,6.24,1.61,
tranquility,noun,2.82,2.13,5.58,1.83,
pass over,verb,5,2.32,3.64,2.08,
handle,verb,5,2.32,3.64,2.08,
trespasser,noun,5.45,2.15,5.6,1.82,
unclean,adj,4.93,2.23,2.81,1.52,
distrustful,adj,6.25,1.59,3.76,1.42,
theatre of operations,noun,4.08,2.41,6.2,1.37,
fill up,verb,6,2.02,3.19,1.66,
inferior,adj,3.98,2.24,5.76,1.28,
black,adj,4.28,2.21,4.71,2.36,
communicating,noun,5.63,2.36,6.88,1.74,
planetary house,noun,4.56,2.41,7.26,1.72,
thwarted,adj,5.09,3,2.34,1.66,
gospeler,noun,4.18,2.38,3.2,1.58,
chastity,noun,5.9,1.83,7.66,1.24,
maven,noun,5.83,2.44,7.27,1.66,
profanity,noun,5.12,2.32,2.47,1.68,
gimcrack,noun,4.17,2.02,4.61,1.63,
wangle,verb,4.44,1.96,6.16,1.89,
percussion instrument,noun,3.22,2.23,5.22,0.91,
slashed,adj,5,2.32,3.64,2.08,
cleared,adj,4.21,1.99,6.51,1.34,
denote,verb,6.26,2.61,2.79,2.12,
zoonotic disease,noun,6.1,2.62,1.77,0.97,
urgency,noun,6.07,2.26,3.38,1.61,
scuttlebutt,noun,3.76,2.26,4.17,1.77,
scummy,adj,4.71,2.72,3.19,2,
tea cozy,noun,3.32,2.28,7.39,1.53,
act reflexively,verb,5.44,2.68,6.93,1.83,
sorrowful,adj,5.98,2.54,8.22,1.22,
working man,noun,5.12,2.26,5.51,1.8,
failure,noun,6.11,2.65,8.29,0.93,
contumely,noun,5,2.32,3.64,2.08,
assuage,verb,3.93,2.85,7.07,2.14,
furious,adj,7.17,2.07,2.85,1.7,
period of time,noun,6.02,2.62,7.27,1.88,
disloyal,adj,6.2,2.7,2.05,1.55,
feel,verb,4.84,2.04,6.08,2.08,
incised,adj,5,2.32,3.64,2.08,
steamy,adj,7.36,1.91,8.02,1.12,
unexpended,adj,4.27,2.46,4.82,2.04,
international,adj,5.32,2.39,6.5,2.03,
jiffy,noun,5.44,2.68,6.93,1.83,
flaky,adj,4.88,2.3,6.93,1.28,
free-soil,adj,5.15,3.04,8.26,1.31,
netherworld,noun,5.38,2.62,2.24,1.62,
offensive,adj,5.04,2.3,4.23,2.3,
turd,noun,3.76,2.26,4.17,1.77,
ruthful,adj,4.69,1.98,5.53,1.86,
weewee,noun,4.97,2.49,6.61,1.78,
ring armor,noun,5.63,2.36,6.88,1.74,
nether region,noun,5.38,2.62,2.24,1.62,
book of account,noun,4.05,1.96,5.14,1.49,
use up,verb,6.22,1.91,2.73,1.72,
utilisation,noun,6.83,2.7,1.8,1.23,
demasculinise,verb,5,2.32,3.64,2.08,
supernatural being,noun,5.95,2.84,8.15,1.27,
tabular array,noun,4.32,2.14,4.89,0.89,
radiotelephone,noun,4.08,2.19,3.82,1.7,
off,verb,5.73,2.09,4.33,2.35,
chummy,adj,5.11,2.96,8.43,1.08,
dustup,noun,6.29,2.56,2.93,2.06,
connecter,noun,4.24,2.49,7.15,1.67,
change owners,verb,4.7,2.48,4.09,2.21,
clipping,noun,4.59,2.1,3.83,1.7,
put in,verb,4.27,2.07,4.75,1.38,
info,noun,5.17,2.11,5.3,1.67,
attacker,noun,5.57,2.61,4.23,2.41,
treasonable,adj,6.56,2.21,1.93,1.61,
tariff,noun,4.66,2.12,5.85,1.53,
easy,adj,2.39,2.13,7,1.77,
veer,verb,5,2.32,3.64,2.08,
entranceway,noun,3.8,2.29,5.13,1.44,
self-serving,adj,5.5,2.62,2.42,1.62,
shelve,verb,2.92,2.16,5.22,0.72,
