word,cat,A_M,A_SD,V_M,V_SD
assemblage,noun,4.8,2.71,7.65,1.55,
macrocosm,noun,4.37,2.51,7.65,1.37,
enamor,verb,5.16,2.25,6.77,1.58,
covert,adj,4.09,2.77,7.29,1.79,
bear upon,verb,4.73,2.64,7.02,1.57,
make full,verb,6,2.02,3.19,1.66,
pep up,verb,6.12,2.45,8.1,1.17,
crenelate,adj,5.36,2.37,4.39,1.63,
male child,noun,4.29,2.69,6.87,1.64,
ring armour,noun,5.63,2.36,6.88,1.74,
lucent,adj,5.4,2.33,7.5,1.55,
overtop,verb,4.3,2.26,4.35,1.23,
orderly,adj,3.98,2.22,6.3,1.56,
describe,verb,4.25,2.47,5.55,2.24,
motherfucker,noun,6.07,2.15,3.36,2.16,
held up,adj,5.62,2.39,3.07,1.74,
calm,adj,2.82,2.13,5.58,1.83,
pissed,adj,5.64,2.48,2.79,2.23,
downslope,noun,4.7,2.48,4.09,2.21,
ultranationalistic,adj,5.16,2.42,7.55,1.9,
quest,verb,4.17,2.49,5.72,1.54,
chivvy,verb,5.36,2.89,3.82,1.73,
enable,verb,5.12,2.42,5.93,2.1,
down in the mouth,adj,4.72,2.95,1.83,1.42,
position,verb,4.16,2.8,7.92,1.24,
kinsfolk,noun,4.25,2.47,5.55,2.24,
introduce,verb,4.27,2.07,4.75,1.38,
creature,noun,5.64,2.51,6.89,2.12,
book,noun,4.05,1.96,5.14,1.49,
tanginess,noun,5.59,2.66,6.79,2.04,
effort,noun,7.49,2.16,2.08,1.91,
romance,verb,3.47,2.39,7.17,1.2,
assay,verb,7.15,2.19,3.76,2.63,
smooth-textured,adj,4.91,2.57,6.58,1.78,
pedagog,noun,4.37,2.14,6.47,1.59,
component,noun,3.24,2.08,5.26,0.86,
taste perception,noun,5.1,1.95,3.93,1.98,
withdrawn,adj,3.27,2.05,4.88,1.83,
fauna,noun,5.1,2.59,6.79,2.32,
kindly,adj,4.46,2.55,7.59,1.67,
fig up,verb,4.05,1.89,6.41,1.34,
elicit,verb,5.86,2.4,2,1.18,
theologizer,noun,5.92,2.6,7.08,2.2,
grunge,noun,3.98,2.29,3.37,1.34,
man of the cloth,noun,5.51,2.77,7.26,1.67,
tedious,adj,3.39,2.22,3.93,1.6,
scrapper,noun,5.12,2.26,5.51,1.8,
puckish,adj,6.09,2.44,2.96,2.37,
swaggering,adj,5.04,2.14,3.68,1.9,
supporter,noun,4.88,2.3,6.93,1.28,
broody,adj,5.72,2.3,7.65,1.03,
darkness,noun,4.61,2.24,5.39,1.8,
committed,adj,6.77,2.07,8,1.38,
fella,noun,5.76,2.5,7.57,1.66,
Noel,noun,6.27,2.56,7.8,1.55,
plainly,adv,3.52,2.05,4.39,1.46,
quality,noun,4.73,2.64,7.02,1.57,
gist,noun,6.34,2.25,7.39,1.53,
shooting iron,noun,5.55,2.39,4.02,2.44,
sightly,adj,6.17,2.34,7.6,1.64,
five-year-old,adj,4.15,1.96,3.39,1.7,
watch,verb,5.39,2.22,7.15,1.49,
dishonour,verb,6.83,2.26,3.52,2.12,
blueness,noun,5,2.72,7,1.88,
distrust,verb,5.3,2.66,6.68,2.71,
break of day,noun,4.39,2.81,6.16,2.33,
founder,verb,4.7,2.48,4.09,2.21,
mar,noun,4.79,2.11,3.38,1.7,
colour-blind,adj,4.39,2.36,3.05,1.99,
wear out,verb,3.81,2.29,3.79,2.12,
source,noun,4.95,2.36,3.02,1.66,
peach,noun,5.5,2.73,8.42,0.83,
nonsuch,noun,4.49,1.9,6.49,1.7,
expect,verb,5.98,2.14,7.32,1.52,
wound,verb,3.74,2.33,5.86,1.42,
ungodly,adj,6.09,2.44,2.96,2.37,
pushover,noun,4.37,2.32,6.85,1.71,
piece of music,noun,4.36,2.13,5.28,1.44,
eudaemonia,noun,5.13,2.35,6.81,1.88,
publishing company,noun,2.5,1.85,5.2,1.21,
view,noun,5,2.68,6.68,1.84,
choke,verb,4.93,2.23,2.81,1.52,
pit,noun,5.38,2.62,2.24,1.62,
composure,noun,2.82,2.13,5.58,1.83,
untoothed,adj,4.91,2.57,6.58,1.78,
battle,noun,7.15,2.19,3.76,2.63,
reckon,verb,6.75,2.3,8.27,0.9,
incorrupt,adj,4.49,2.28,6.2,1.85,
dwelling house,noun,4.56,2.41,7.26,1.72,
enwrap,verb,5.28,2.51,4.32,1.91,
tolerate,verb,3.93,2.49,4.82,2.06,
cheer up,verb,5.78,2.6,7.8,1.83,
scout,noun,4.1,2.12,5.78,1.51,
go,verb,6.03,3.19,1.56,0.96,
lash out,verb,4.1,2.34,2.88,1.75,
Holy Writ,noun,4.17,2.49,5.72,1.54,
invulnerable,adj,3.14,2.47,7.57,1.76,
drinkable,noun,5.29,2.55,6.88,1.89,
set about,verb,4.7,2.48,4.09,2.21,
agency,noun,5.03,2.03,4.72,1.75,
unshakable,adj,4.02,2.41,4.68,1.97,
gamy,adj,6.15,2.45,7.15,1.64,
humor,noun,6.74,1.84,8.1,1.36,
bad luck,noun,6.24,2.64,1.78,1.31,
object,noun,4.24,2.49,7.15,1.67,
reveal,verb,7.24,2.06,1.68,1.02,
vesture,noun,4.05,1.89,6.41,1.34,
speck,noun,4.59,2.1,3.83,1.7,
eat,verb,6.22,1.91,2.73,1.72,
mad,adj,4.29,2.45,1.9,1.14,
fossil fuel,noun,5.07,2.37,3.12,1.65,
content,noun,4.17,2.02,4.61,1.63,
prune,verb,4.05,1.89,6.41,1.34,
civil rights activist,noun,5.64,2.51,6.89,2.12,
destroyed,adj,5.82,2.62,2.82,1.83,
smooth,adj,5.33,2.04,4.74,2,
actus reus,noun,5.57,2.26,3.05,1.65,
invigorate,verb,5.56,2.62,7,1.32,
vocalizer,noun,5.51,2.77,7.26,1.67,
hinge joint,noun,3.81,2.14,5.12,0.92,
swipe,verb,4.59,2.1,3.83,1.7,
sloppy,adj,4.13,2.13,4.44,2.07,
confine,verb,5.15,3.04,8.26,1.31,
gain,verb,5.37,2.39,6.5,1.78,
check up on,verb,4.1,2.12,5.78,1.51,
tumesce,verb,4.1,2.34,2.88,1.75,
bodily function,noun,7.36,1.91,8.05,1.53,
sweat,noun,6.85,2.03,3.03,2.09,
vindication,noun,4.48,2.29,4.05,1.41,
small fry,noun,5.55,2.29,7.08,1.98,
dishonorable,adj,4.61,2.24,5.39,1.8,
digit,noun,5.5,2.66,6.88,1.93,
move back,verb,6.21,2.51,7.1,2,
chuck out,verb,4.14,2.3,2.93,1.76,
night,noun,4.77,2.5,6.8,2.17,
Protestant,noun,5.5,2.17,3.37,1.63,
meek,adj,3.74,2.33,5.86,1.42,
larghetto,adj,3.39,2.22,3.93,1.6,
brass,noun,3.59,2.07,4.61,1.4,
penitential,adj,4.69,1.98,5.53,1.86,
piece of land,noun,4.08,2.41,6.2,1.37,
run through,verb,5.69,2.51,7.47,1.73,
employment,noun,6.83,2.7,1.8,1.23,
effectual,adj,4.02,2.41,4.68,1.97,
peril,verb,5.52,2.45,2.88,1.64,
jointure,noun,6.34,2.35,6.48,2.45,
certified,adj,3.14,2.47,7.57,1.76,
petulance,noun,5.1,2.59,6.79,2.32,
beautiful,adj,5.95,2.73,7.93,1.47,
spirit,noun,7.38,1.92,7.98,1.52,
pitching,noun,4.52,2.37,5.56,1.38,
stupid,adj,3.39,2.22,3.93,1.6,
coloured,adj,5.29,2.04,6.41,1.61,
canvass,verb,4.25,2.47,5.55,2.24,
natural event,noun,6.26,2.87,2.05,1.19,
impression,noun,4.7,2.59,3.98,1.73,
task,noun,6.98,2.15,7.6,1.5,
current of air,noun,4.37,2.32,6.85,1.71,
thought,noun,4.89,2.46,6.28,1.45,
roach,noun,3.86,2.13,5.67,1.26,
vilification,noun,5,2.32,3.64,2.08,
cat valium,noun,4.28,2.46,6.18,2.05,
sound out,verb,7.45,2.38,2.09,1.41,
noise,noun,5.36,2.91,3.93,2.22,
irresponsible,adj,4.17,2.84,7.54,1.38,
modify,verb,5.45,2.15,5.6,1.82,
spot,noun,3.15,1.77,5.08,0.98,
razz,verb,5.57,2.8,7.41,1.92,
imitative,adj,6.07,2.15,3.36,2.16,
African tea,noun,4.38,2.24,5.72,2.43,
change intensity,verb,2.82,2.13,5.58,1.83,
preventive,noun,3.86,2.72,7.07,1.9,
kill,verb,4.14,2.3,2.93,1.76,
lick,verb,5.41,2.43,6.63,1.68,
bet,verb,5.89,2.37,6.98,1.97,
overlook,verb,4.83,2.31,2.63,1.64,
discolour,verb,4.61,2.24,5.39,1.8,
be sick,verb,4.29,2.45,1.9,1.14,
infract,verb,5.78,2.21,2.8,1.67,
raptorial bird,noun,3.98,1.87,5.8,1.31,
plant,verb,4.25,2.47,5.55,2.24,
harass,verb,6.47,2.47,2.23,1.72,
upside,noun,4.28,2.53,6.58,1.42,
hit man,noun,7.02,1.84,3.47,2.48,
jump,noun,5.67,2.51,7.76,1.51,
contend,verb,5,2.32,3.64,2.08,
chronicle,noun,6.02,2.62,7.27,1.88,
embodied,adj,4.05,2.34,5.26,1.29,
strike,verb,5.8,2.39,3.66,2,
spectral colour,noun,4.28,2.46,6.18,2.05,
put on the line,verb,6.98,2.15,7.6,1.5,
police officer,noun,4.2,2.42,5.07,1.97,
air,noun,5.86,1.81,7,1.34,
malignity,noun,6.08,2.44,2.68,1.81,
nonsensical,adj,4.36,2.2,4.26,1.82,
yummy,adj,5.34,2.51,7.5,1.08,
understructure,noun,3.27,1.98,5.02,0.93,
dead,adj,5.5,2.74,7.25,2.22,
framing,noun,3.89,2.17,5.89,1.55,
acquire,verb,4,2.14,4.56,1.72,
toss out,verb,4.16,2.16,2.67,1.45,
waste product,noun,5.12,2.32,2.47,1.68,
crap,verb,4,2.14,4.56,1.72,
earn,verb,6.68,1.78,7.63,1.3,
waste matter,noun,5.04,2.5,2.98,1.96,
gain ground,verb,7.72,2.16,8.38,0.92,
the Tempter,noun,6.07,2.61,2.21,1.99,
confused,adj,5.82,2.62,2.82,1.83,
unstinted,adj,4.93,2.4,6.21,2.03,
disagreeable person,noun,6.76,2.68,2.11,1.56,
unfit,adj,5.89,2.37,6.98,1.97,
chin-wag,noun,5.74,2.38,3.48,2.33,
deconcentrate,verb,4.65,2.13,5.2,1.28,
automotive vehicle,noun,3.82,2.4,5.09,1.67,
limited,adj,3.98,2.24,5.76,1.28,
sleep in,verb,2.8,2.66,7.2,1.77,
ridiculer,noun,5.39,2.53,6.46,1.76,
colour,noun,4.1,2.36,5.62,1.72,
parcel,noun,3.18,1.76,4.74,1.02,
unconcerned,adj,3.89,2.54,7.62,1.41,
oblige,verb,6.07,2.26,3.38,1.61,
automobile,noun,3.41,2.14,5,1.96,
official document,noun,4.89,2.46,6.28,1.45,
skilful,adj,5.43,2.85,7.47,1.45,
noble,adj,3.21,2.57,7.31,1.3,
bruise,verb,6,2.46,2.29,1.33,
mould,verb,5.86,2.4,2,1.18,
mammary gland,noun,5.37,2.39,6.5,1.78,
dismal,adj,2.98,2.18,3.05,1.58,
tingle,noun,8.02,1.65,8.05,1.48,
wienerwurst,noun,5.76,2.5,7.57,1.66,
tilt,noun,7.15,2.19,3.76,2.63,
be,verb,5.14,2.39,6.93,1.3,
foetor,noun,4.36,2.46,2.19,1.37,
scratchy,adj,5.33,2.04,4.74,2,
intimidated,adj,4.11,2.09,3.86,1.55,
birth,noun,4.59,3.07,1.61,1.4,
exculpated,adj,4.21,1.99,6.51,1.34,
turned on,adj,7.36,1.91,8.02,1.12,
excite,verb,8.02,1.65,8.05,1.48,
impair,verb,4.67,2.35,3.32,2.32,
walking on air,noun,7.38,1.92,7.98,1.52,
newsmonger,noun,4.38,2.24,5.72,2.43,
critical,adj,5.26,2.36,3.2,1.74,
have,verb,5,2.53,6.97,1.91,
pansy,noun,4.76,2.18,6.44,1.43,
pass off,verb,4.7,2.48,4.09,2.21,
aculeus,noun,5.14,2.14,3.64,1.76,
colourless,adj,4.37,2.14,6.47,1.59,
dispiriting,adj,4.28,2.21,4.71,2.36,
tumble-down,adj,4.1,1.94,4.28,1.84,
drive off,verb,7.17,2.06,3.22,2.06,
visage,noun,5.04,2.18,6.39,1.6,
existence,noun,6.02,2.62,7.27,1.88,
syndicate,noun,5.3,2.66,6.68,2.71,
body structure,noun,4.36,2.13,5.28,1.44,
lay,verb,3.36,2.28,5.05,1.46,
unchaste,adj,4.48,2.82,7.1,1.91,
evenfall,noun,4.7,2.48,4.09,2.21,
imposing,adj,4.12,2.29,7.1,1.26,
prettify,verb,4.05,1.89,6.41,1.34,
hateful,adj,4.89,2.5,3.58,2.38,
indisposed,adj,4.29,2.45,1.9,1.14,
foil,verb,4.92,2.64,2.39,1.44,
light-headed,adj,5.88,2.38,7.41,1.8,
afraid,adj,7.86,2.27,1.72,1.14,
fecal matter,noun,3.76,2.26,4.17,1.77,
ill luck,noun,4.76,2.55,2.45,1.61,
nation,noun,6.67,1.87,6.54,2.21,
bring together,verb,6.39,2.31,7.41,1.97,
knock,verb,7.51,2.28,2.03,1.55,
crenate,adj,5.33,2.04,4.74,2,
hurt,verb,6.1,2.77,1.56,0.79,
national holiday,noun,6.27,2.56,7.8,1.55,
stir,verb,6.56,2.34,4.13,1.78,
characterization,noun,3.82,2.24,5.11,1.78,
plumbing fixture,noun,3.71,1.75,5.02,0.93,
alarming,adj,4.29,2.45,1.9,1.14,
self-seeking,adj,5.5,2.62,2.42,1.62,
infix,verb,3.62,2.25,5.98,1.83,
mastermind,noun,5.92,2.6,7.08,2.2,
think,verb,4.65,2.13,5.2,1.28,
perforated,adj,5,2.32,3.64,2.08,
natural object,noun,5.32,2.39,6.5,2.03,
friend,noun,4.71,2.68,7.11,2.17,
discover,verb,5.67,2.51,7.76,1.51,
employ,verb,6.84,2.06,7.13,1.58,
kick upstairs,verb,3.21,2.57,7.31,1.3,
necropolis,noun,4.82,2.66,2.63,1.4,
learn,verb,4.1,2.12,5.78,1.51,
yoke,noun,6.39,2.31,7.41,1.97,
slaveless,adj,5.15,3.04,8.26,1.31,
justify,verb,4.73,2.64,7.02,1.57,
luxe,adj,4.53,2.65,7.43,1.26,
misdeed,noun,5.6,2.65,7.98,1.22,
incurvation,noun,3.91,1.92,4.36,1.21,
region,noun,5.38,2.62,2.24,1.62,
transfer,verb,4.4,2.07,5.95,1.38,
lift up,verb,8.02,1.65,8.05,1.48,
prosperous,adj,6.49,2.77,8.21,1.82,
mollify,verb,3.21,2.57,7.31,1.3,
win,verb,5.73,2.09,4.33,2.35,
infliction,noun,5.14,2.14,3.64,1.76,
competition,noun,5.85,3.15,8.44,0.9,
honour,verb,5.31,2.23,5.92,1.57,
muck,noun,5.36,2.63,2.68,1.66,
matey,adj,5.11,2.96,8.43,1.08,
powerful,adj,5.92,2.28,7.11,1.48,
lactate,verb,4.84,2.04,6.08,2.08,
run a risk,verb,5.38,2.58,6.02,1.77,
do away with,verb,5,2.32,3.64,2.08,
mortal,noun,4.21,1.99,6.51,1.34,
branch out,verb,3.96,1.94,5.29,0.97,
flock,noun,6,2.02,3.19,1.66,
preparation,noun,6.84,2.06,7.13,1.58,
theologiser,noun,4.93,2.82,3.34,2.31,
efflorescence,noun,5.03,2.65,7.26,1.18,
undecorated,adj,3.52,2.05,4.39,1.46,
illusion,noun,4.3,2.26,4.35,1.23,
rile,verb,6.49,2.17,2.74,1.81,
author,noun,5.75,2.47,7.08,1.83,
person,noun,4.61,2.24,5.39,1.8,
sexual congress,noun,7,2.07,7.36,1.57,
melodic line,noun,3.82,2.24,5.11,1.78,
nipper,noun,5.88,2.38,7.41,1.8,
dependent,adj,4.81,2.46,2.51,1.42,
approving,noun,5.4,2.7,7.98,1.42,
St. Brigid,noun,5.55,2.74,7.34,1.71,
lost,adj,6.03,1.88,3.21,1.51,
dough,noun,5.64,2.18,6.74,1.73,
traducement,noun,4.25,2.47,5.55,2.24,
ground,noun,4.08,2.41,6.2,1.37,
childish,adj,4.15,1.96,3.39,1.7,
generate,verb,6.13,2.71,8.39,1.15,
palatal,adj,4.63,2.61,7.12,1.34,
cater,verb,4.29,2.51,6.46,1.69,
sexual practice,noun,6.44,3.35,8.72,0.7,
potty,noun,4,2.14,4.56,1.72,
pudden-head,noun,4.72,2.71,2.31,1.37,
get laid,verb,3.61,2.56,7.51,1.38,
raiment,verb,3.95,2.09,5.25,1.33,
flakey,adj,4.88,2.3,6.93,1.28,
baulk,noun,3.81,2.27,3.29,1.69,
jack,noun,4.4,2.07,5.95,1.38,
ideate,verb,4.53,2.72,6.73,1.75,
penetrate,verb,4.39,2.81,6.16,2.33,
give out,verb,6.95,2.44,2.31,1.44,
cut out,verb,5,2.32,3.64,2.08,
country,noun,6.34,2.25,7.39,1.53,
name,verb,3.7,2.18,5.68,1.62,
cut off,verb,5,2.32,3.64,2.08,
mischief-maker,noun,6.07,2.61,2.21,1.99,
competent,adj,5.08,2.07,7.16,1.39,
sign,noun,6.42,2.83,1.5,0.85,
split second,noun,5.44,2.68,6.93,1.83,
take in,verb,5.22,2.38,6.66,1.57,
shamefaced,adj,3.98,2.24,5.76,1.28,
humans,noun,5.24,2.31,6.73,1.7,
lover,noun,6.44,3.35,8.72,0.7,
quitter,noun,5.5,2.55,2.45,1.8,
create from raw stuff,verb,4.44,1.96,6.16,1.89,
sept,noun,5.94,2.09,7.33,1.7,
experience,verb,4.84,2.04,6.08,2.08,
bemire,verb,4.93,2.23,2.81,1.52,
sculpture,noun,4.07,1.98,3.55,1.7,
welkin,noun,3.88,1.99,5.33,0.87,
bollock,noun,3.76,2.39,5.29,1.82,
slow up,verb,3.39,2.22,3.93,1.6,
ornament,verb,4.05,1.89,6.41,1.34,
fly,adj,6.85,2.53,6.2,1.76,
mogul,noun,6.67,1.87,6.54,2.21,
devilry,noun,5.38,2.62,2.24,1.62,
clash,noun,6.95,2.44,2.31,1.44,
woman,noun,4.29,2.69,6.87,1.64,
prepare,verb,4.05,1.89,6.41,1.34,
color in,verb,4.73,2.64,7.02,1.57,
hand,verb,5.15,3.04,8.26,1.31,
reverential,adj,4,1.6,5.35,1.21,
avoirdupois,noun,3.87,2.82,2.73,1.85,
pass,verb,5.5,2.66,6.88,1.93,
fire,verb,5.66,2.26,6.97,1.53,
simpleton,noun,4.35,2.25,3.38,1.7,
independent,adj,5.15,3.04,8.26,1.31,
triumphal,adj,6.78,2.58,8.82,0.73,
pitch-black,adj,4.28,2.21,4.71,2.36,
air mile,noun,4.07,2.15,4.64,1.36,
jump on,verb,5.67,2.51,7.76,1.51,
dreadful,adj,6.33,2.28,2.25,1.18,
disturbed,adj,5.13,2.76,4.45,2.23,
arts,adj,7.59,2.07,8.32,1,
capture,noun,4.59,2.1,3.83,1.7,
slow-witted,adj,4.72,2.71,2.31,1.37,
individual,noun,3.95,1.97,5.05,1.34,
offspring,noun,6.07,2.15,3.36,2.16,
shake,verb,5,2.53,6.97,1.91,
alter,verb,5.69,2.15,7.65,1.16,
break,verb,6.33,2.71,2.22,1.88,
gay,noun,5.12,2.27,4.67,2.45,
connective,noun,4.24,2.49,7.15,1.67,
future,adj,5.12,2.39,6.95,1.85,
knowledge,noun,5,2.68,6.68,1.84,
liquid,noun,5.21,2.46,6.83,1.48,
swelled,adj,5.56,3.01,8.03,1.56,
restore,verb,5.86,2.7,5.2,2.54,
jug,verb,5.49,2.67,1.95,1.27,
white-livered,adj,6.33,2.28,2.25,1.18,
scholarly person,noun,7.25,2.25,8.19,1.13,
organism,noun,5.57,2.61,4.23,2.41,
X,noun,7.38,1.92,7.98,1.52,
do,verb,4.07,1.98,3.55,1.7,
beloved,adj,6.38,2.68,8.64,0.71,
addled,adj,6.03,1.88,3.21,1.51,
mature,adj,4.76,1.95,6.49,1.5,
malefactor,noun,6.89,2.13,2.13,1.69,
virtuoso,noun,5.5,2.66,6.88,1.93,
direct,verb,3.42,2.21,6.32,1.56,
have sex,verb,6.44,3.35,8.72,0.7,
warmheartedness,noun,6.34,2.25,7.39,1.53,
look,noun,5.56,2.62,7,1.32,
social disease,noun,5.69,3.25,1.68,1.23,
avoid,verb,5.04,2.18,6.39,1.6,
oppressed,adj,5.63,2.07,2.5,1.32,
come to,verb,5.66,2.26,6.97,1.53,
thespian,noun,5.83,2.44,7.27,1.66,
outlaw,noun,7.47,2.18,1.53,0.96,
dragging,adj,3.39,2.22,3.93,1.6,
bravery,noun,6.34,2.25,7.39,1.53,
morose,adj,5.1,1.95,3.93,1.98,
cheat,noun,5.78,2.47,2.22,1.69,
make merry,verb,6.39,2.63,2.96,1.93,
inconstant,adj,6.2,2.7,2.05,1.55,
unsecured,adj,5.56,2.34,2.36,1.33,
work,verb,5.41,2.43,6.63,1.68,
intellection,adj,4.84,2.57,6,2.21,
create from raw material,verb,4.07,1.98,3.55,1.7,
daybreak,noun,5.06,3.05,7.86,1.35,
tog,verb,4.49,2.5,6.07,1.61,
work over,verb,4.2,1.93,4,1.8,
advertise,verb,7.15,2.19,3.76,2.63,
amount of money,noun,5.29,2.04,6.41,1.61,
noted,adj,5.73,2.68,6.98,2.07,
diversion,noun,6.74,1.84,8.1,1.36,
irritate,verb,6.07,2.61,2.21,1.99,
rummy,adj,4.27,2.46,4.82,2.04,
esoteric,adj,4.84,2.57,6,2.21,
humanitarian,adj,4.5,1.91,6.89,1.7,
fucking,adj,6.41,2,2.9,1.98,
get a line,verb,5.39,2.22,7.15,1.49,
uncut,adj,5,2.32,3.64,2.08,
fashion,noun,8.17,1.4,2.41,1.86,
well-situated,adj,4.48,2.82,7.1,1.91,
chronological succession,noun,3.65,2.35,5.08,2.51,
turn down,verb,5.48,2.52,2.84,2.07,
poor shape,noun,3.81,2.27,3.29,1.69,
skilled workman,noun,5.24,2.31,6.73,1.7,
send off,verb,4.38,2.29,5.55,1.4,
scores,noun,5.49,2.43,6.59,1.66,
regard,verb,4.54,1.86,6.46,1.52,
partisan,noun,5.66,2.26,2.48,2.08,
wear,noun,4.05,1.89,6.41,1.34,
deal,verb,4.39,2.29,5.88,1.62,
of import,adj,3.7,2.18,5.68,1.62,
motion-picture show,noun,4.93,2.54,6.86,1.81,
mother fucker,noun,4.7,2.59,3.98,1.73,
diminish,verb,3.39,2.22,3.93,1.6,
repulse,verb,6.56,2.34,4.13,1.78,
suspire,verb,5,2.53,6.97,1.91,
applesauce,noun,4.16,2.16,2.67,1.45,
heart,noun,5.19,2.39,7.64,1.29,
amphibian,noun,4.54,2.03,5.71,1.74,
savourless,adj,3.29,1.89,4.1,1.08,
CAT,noun,4.38,2.24,5.72,2.43,
express,verb,7.45,2.38,2.09,1.41,
colly,verb,4.13,2.13,4.44,2.07,
ransack,verb,6.35,2.04,4.02,2.76,
anxious,adj,5.94,2.36,2.17,1.21,
infamy,noun,6.55,2.46,7.93,1.29,
libertine,adj,4.98,2.48,3.5,2.16,
debase,verb,6.26,2.61,2.79,2.12,
think of,verb,4.25,2.47,5.55,2.24,
quieten,verb,2.82,2.13,5.58,1.83,
weak,adj,4.1,2.07,3.26,1.47,
social unit,noun,4.8,2.71,7.65,1.55,
legal proceeding,noun,4.93,2.44,3.37,2,
contemptible,adj,4.71,2.72,3.19,2,
panorama,noun,4.59,2.31,5.98,1.86,
tumid,adj,5.12,2.19,5.22,1.82,
dulcorate,verb,4.58,2.4,6.54,2.09,
pain in the ass,noun,6.5,2.49,2.13,1.81,
brazen,adj,5.38,2.37,4.35,1.76,
felon,noun,4.76,2.4,5.67,1.91,
shape up,verb,6.02,2.58,7.73,1.34,
nutriment,noun,3.68,2.57,5.95,2.16,
health problem,noun,5.61,2.67,2.25,1.71,
cubic content unit,noun,3.54,2.09,5.1,1.09,
bum,noun,2.95,1.72,4.95,0.98,
egress,verb,4.7,2.48,4.09,2.21,
disrespect,verb,5.9,1.83,7.66,1.24,
embarrass,verb,4.12,2.01,3.81,1.42,
vicious,adj,5.68,2.65,1.97,1.67,
excreta,noun,5.75,2.84,2.06,1.57,
power,noun,5.51,2.77,7.26,1.67,
angulate,adj,3.18,1.76,4.74,1.02,
reproductive organ,noun,5.56,2.55,6.27,1.81,
flesh out,verb,4.1,2.24,5.55,1.58,
lead on,verb,7.24,2.06,1.68,1.02,
dispute,noun,6.29,2.56,2.93,2.06,
bring up,verb,3.31,1.98,5.29,1.27,
washed-out,adj,2.64,2.19,3.28,1.43,
piece of ground,noun,4.08,2.41,6.2,1.37,
design,noun,5.86,1.81,7,1.34,
squeezable,adj,4.63,2.61,7.12,1.34,
sterile,adj,4.57,2.59,2.81,1.92,
elbow grease,noun,6.84,2.06,7.13,1.58,
dark-skinned,adj,4.61,2.24,5.39,1.8,
administrative unit,noun,4.08,1.92,5.24,1.59,
pick apart,verb,6.47,2.47,2.23,1.72,
unexhausted,adj,4.27,2.46,4.82,2.04,
mavin,noun,5.83,2.44,7.27,1.66,
trim back,verb,5,2.32,3.64,2.08,
larval,adj,4.15,1.96,3.39,1.7,
rag,verb,5.87,2.56,4.84,2.51,
sissyish,adj,5.17,2.57,3.14,1.96,
privy,noun,3.88,1.72,5.55,1.36,
longanimous,adj,4.21,2.37,5.29,1.89,
unjust,adj,4.93,2.23,2.81,1.52,
invigoration,noun,6.02,2.62,7.27,1.88,
scissure,noun,6.33,2.21,4.84,2.14,
fuddled,adj,4.02,2.41,4.68,1.97,
slaying,noun,5.33,2.63,2.28,1.74,
spring,verb,4.9,2.35,4.31,2.18,
electric lamp,noun,4.1,2.02,5.61,1.28,
miss,verb,5.73,2.09,4.33,2.35,
plunk for,verb,5.85,3.15,8.44,0.9,
reduce,verb,5,2.32,3.64,2.08,
furnish,verb,6,2.02,3.19,1.66,
spirituous,adj,5.69,2.36,2.84,2.34,
envisage,verb,5.14,2.82,7.41,1.9,
liege,adj,5.16,2.42,7.55,1.9,
hit the sack,verb,3.61,2.56,7.51,1.38,
car,noun,3.98,2.04,5.37,0.97,
long,verb,5,2.45,2.46,1.52,
forget me drug,noun,6.64,2.64,2.35,1.7,
bad,adj,4.13,2.38,1.61,0.95,
verbalize,verb,4.57,2.38,3.52,1.99,
slash,verb,4.38,2.24,5.72,2.43,
elementary,adj,4.48,2.82,7.1,1.91,
hopeless,adj,5.78,2.09,7.1,1.46,
change,verb,3.98,2.29,3.37,1.34,
charm,verb,4.68,2.23,6.76,1.6,
note,noun,6.07,2.67,7.47,1.72,
peter,noun,4.33,1.78,5.19,1.27,
humble,adj,4.6,2.67,7.22,1.27,
beat,noun,3.27,1.98,5.02,0.93,
infelicitous,adj,5.18,2.4,4,2.22,
combative,adj,5.83,2.33,5.1,1.68,
Bos taurus,noun,3.49,2.13,5.57,1.53,
do by,verb,5,2.32,3.64,2.08,
cozey,noun,3.32,2.28,7.39,1.53,
radiophone,noun,4.08,2.19,3.82,1.7,
slue,verb,5,2.32,3.64,2.08,
sea,adj,4.12,2.3,6.34,1.56,
wasted,adj,5.82,2.62,2.82,1.83,
emotional disturbance,noun,4.54,3.19,1.85,1.67,
censurable,adj,6.04,2.76,2.63,1.98,
fight,verb,7.15,2.19,3.76,2.63,
entryway,noun,3.8,2.29,5.13,1.44,
circumstances,noun,4.95,2.81,1.7,1.07,
formation,noun,5.67,2.51,7.76,1.51,
nictation,noun,5.44,2.68,6.93,1.83,
defend,verb,4.48,2.29,4.05,1.41,
dispenser,noun,4.14,2.28,5.45,1.63,
proscribe,verb,5,2.83,6.42,2.05,
razzing,noun,3.17,2.23,7.27,1.36,
forge,verb,3.82,2.4,5.09,1.67,
off-and-on,adj,5.43,2.42,3.05,1.92,
go into,verb,3.36,2.12,4.82,1.23,
sick,adj,4.29,2.45,1.9,1.14,
sex crime,noun,6.81,3.17,1.25,0.91,
laborious,adj,5.12,2.19,5.22,1.82,
somebody,noun,6.42,2.83,1.5,0.85,
jest at,verb,5.87,2.56,4.84,2.51,
raise up,verb,5.8,2.39,3.66,2,
cry,verb,5.36,2.91,3.93,2.22,
gibe,verb,3.18,1.76,4.74,1.02,
face off,verb,5.04,2.18,6.39,1.6,
receiver,noun,4.78,2.82,6.73,1.47,
sess,noun,4.14,2.11,6.12,1.44,
field,noun,5.53,2.96,7.92,1.2,
gone,adj,5.73,2.73,1.94,1.76,
hepatotoxic,adj,6.4,2.41,2.1,1.48,
worsen,verb,5.69,2.15,7.65,1.16,
kick,noun,8.02,1.65,8.05,1.48,
melodic phrase,noun,4.71,2.09,6.93,1.47,
arouse,verb,5.85,2.49,1.9,1.26,
bold,adj,6.15,2.45,7.15,1.64,
at loggerheads,adj,6.44,2.28,2.73,1.5,
ordure,noun,4,2.14,4.56,1.72,
recalcitrant,adj,6.1,2.51,4.26,2.12,
delivery,noun,5.33,2.48,3.29,2.06,
van,noun,3.98,2.04,5.37,0.97,
spark,verb,4.86,2.56,5.46,0.98,
hot,adj,6.89,2.47,2.29,1.78,
straightarrow,adj,3.18,1.76,4.74,1.02,
scattered,adj,6.03,1.88,3.21,1.51,
recoil,verb,5.67,2.51,7.76,1.51,
unprofitable,adj,4.87,2.58,2.13,1.42,
possessed,adj,5.83,2.45,2.85,1.94,
sainted,adj,5.43,2.85,7.47,1.45,
cold,adj,4.75,2.56,3.5,1.85,
snip,noun,4.59,2.1,3.83,1.7,
made-to-order,adj,4.66,2.12,5.85,1.53,
rib,verb,5.83,2.73,3.13,2.24,
zippy,adj,5.9,2.42,7.9,1.49,
thrill,noun,4.9,2.35,4.31,2.18,
travel,verb,6.02,2.58,7.73,1.34,
onward motion,noun,6.02,2.58,7.73,1.34,
offender,noun,4.79,2.51,2.93,1.66,
shoot a line,verb,5.78,2.6,7.8,1.83,
broach,verb,5.62,2.25,7.36,1.38,
freeze,verb,5.15,3.04,8.26,1.31,
plash,verb,3.73,2.23,4.66,1.88,
part,verb,6.33,2.71,2.22,1.88,
slaveholding,adj,6.21,2.93,1.84,1.13,
phratry,noun,4.8,2.71,7.65,1.55,
stimulate,verb,5.67,2.18,5.45,2.02,
eat in,verb,5.69,2.51,7.47,1.73,
spunky,adj,5.89,2.37,6.98,1.97,
covering,noun,4.78,2.88,6.54,1.85,
play,noun,6.91,1.69,7.52,1.19,
disconcert,verb,6.5,2.49,2.13,1.81,
physical attraction,noun,6.44,3.35,8.72,0.7,
light,noun,6.02,2.71,7.55,1.68,
nail-biting,adj,6.53,2.1,3.56,1.36,
place,noun,4.08,1.92,5.24,1.59,
gismo,noun,4.05,2.06,5.1,1.21,
riskless,adj,3.86,2.72,7.07,1.9,
barky,adj,5.33,2.04,4.74,2,
mankind,noun,5.32,2.39,6.5,2.03,
lodge,verb,5.15,3.04,8.26,1.31,
token,noun,4.54,1.86,6.46,1.52,
owlish,adj,3.91,2.64,7.52,1.23,
square away,verb,3.98,2.22,6.3,1.56,
warp,verb,6.41,2.94,1.82,1.45,
popular music,noun,4.52,2.37,5.56,1.38,
misrepresent,verb,4.44,1.96,6.16,1.89,
ataraxis,noun,2.95,2.55,7.72,1.75,
advocate,noun,5.85,3.15,8.44,0.9,
set out,verb,3.82,2.24,5.11,1.78,
fatten out,verb,4.81,2.8,2.28,1.92,
spoken communication,noun,5.16,2.25,6.77,1.58,
risque,adj,4.31,2.2,6.76,1.78,
auriferous,adj,3.79,1.96,4.95,1.17,
stinky,adj,5.1,1.95,3.93,1.98,
pedal,noun,7.02,1.84,3.47,2.48,
assail,verb,6.83,2.7,1.8,1.23,
upshot,noun,5.1,2.4,6.21,1.63,
gospeller,noun,4.18,2.38,3.2,1.58,
loathsome,adj,6.09,2.44,2.96,2.37,
sacred writing,noun,4.17,2.49,5.72,1.54,
earnings,noun,6.68,1.78,7.63,1.3,
immaterial,adj,4.05,2.34,5.26,1.29,
unagitated,adj,2.39,2.13,7,1.77,
switch,verb,5,2.32,3.64,2.08,
tiptoe,adj,2.82,2.13,5.58,1.83,
bloodthirsty,adj,6.41,2,2.9,1.98,
applier,noun,5.78,2.09,7.1,1.46,
impede,verb,6.03,3.19,1.56,0.96,
outfit,verb,5.12,2.42,5.93,2.1,
tool,noun,4.7,2.59,3.98,1.73,
strain,verb,6.85,2.03,3.03,2.09,
habiliment,noun,4.49,2.5,6.07,1.61,
dumpsite,noun,4.12,2.36,3.21,1.87,
munition,noun,7.15,2.4,2.1,1.19,
free,verb,4.48,2.29,4.05,1.41,
saturnine,adj,4.28,2.21,4.71,2.36,
unfavorable judgment,noun,7.17,2.06,3.22,2.06,
polish off,verb,5.73,2.09,4.33,2.35,
unnatural,adj,5.38,2.23,2.43,1.27,
liquid body substance,noun,4.82,2.06,2.86,1.91,
young woman,noun,5.53,2.8,8.22,1.2,
brownness,noun,5.29,2.55,6.88,1.89,
aggressor,noun,5.57,2.61,4.23,2.41,
enlace,verb,4.07,2.15,4.64,1.36,
whacky,adj,5.88,2.38,7.41,1.8,
someone,noun,6.11,2.65,8.29,0.93,
working person,noun,5.12,2.26,5.51,1.8,
violate,verb,5.78,2.21,2.8,1.67,
cocain,noun,5.75,2.47,7.08,1.83,
import,noun,5.56,2.62,7,1.32,
doleful,adj,4.13,2.38,1.61,0.95,
ceremonial occasion,noun,5.97,2.85,7.82,1.56,
dead body,noun,4.02,2.41,4.68,1.97,
mold,verb,4.07,1.98,3.55,1.7,
jail,verb,3.88,2.15,5.24,1.65,
profane,adj,4.88,2.29,3.08,2.05,
discourtesy,noun,6.83,2.7,1.8,1.23,
chubby,adj,4.81,2.8,2.28,1.92,
actor,noun,4.07,2.19,2.74,1.64,
cure,noun,5.75,2.84,2.06,1.57,
riot,noun,7.04,1.96,3.88,2.07,
severalize,verb,7.36,1.91,8.05,1.53,
printed circuit,noun,3.36,2.12,4.82,1.23,
grime,verb,4.93,2.23,2.81,1.52,
incurvature,noun,4.54,3.19,1.85,1.67,
grainy,adj,4.21,1.84,4.55,1.42,
fair,adj,5.07,2.7,6.43,2.04,
face,noun,5.6,2.21,6.8,1.61,
raise,verb,7.17,2.06,3.22,2.06,
pose,verb,2.95,1.72,4.95,0.98,
touch on,verb,5.73,2.09,4.33,2.35,
here,adj,5.12,2.39,6.95,1.85,
honorable,adj,5.32,1.92,7.7,1.43,
odour,noun,5.05,2.36,6.76,1.48,
holler,verb,5,2.19,3.14,1.56,
case-hardened,adj,5.12,2.19,5.22,1.82,
form of address,noun,5.92,2.6,7.08,2.2,
subaltern,adj,3.83,2.05,3.07,1.57,
nourishment,noun,5.62,2.25,7.36,1.38,
deadly sin,noun,4.71,2.26,3.51,1.93,
chintzy,adj,3.83,2.05,3.07,1.57,
deteriorate,verb,3.81,2.29,3.79,2.12,
obvious,adj,3.52,2.05,4.39,1.46,
beautify,verb,4.6,2.35,6.02,1.66,
destroy,verb,4.14,2.3,2.93,1.76,
smelly,adj,4.93,2.23,2.81,1.52,
garment,verb,4.05,1.89,6.41,1.34,
unspeakable,adj,6.27,2.44,1.93,1.44,
slattern,noun,4.93,2.82,3.34,2.31,
cyprian,noun,5.85,2.93,2.3,2.11,
sport,noun,5.85,2.81,8.37,0.94,
study,noun,4.08,2.41,6.2,1.37,
jump for joy,verb,5.78,2.6,7.8,1.83,
medical practitioner,noun,5.86,2.7,5.2,2.54,
witticism,noun,7.22,2.01,8.37,1.11,
residence,noun,5.1,2.75,7.19,1.78,
bait,verb,5.87,2.56,4.84,2.51,
period,noun,6.02,2.62,7.27,1.88,
memory device,noun,5.42,2.25,6.62,1.5,
crossing,noun,3.91,1.92,4.36,1.21,
joyous,adj,5.57,2.8,7.41,1.92,
indifferent,adj,3.83,2.05,3.07,1.57,
activity,noun,5.74,2.46,6.69,1.77,
fervidness,noun,7.17,2.06,3.22,2.06,
blemish,verb,4.79,2.11,3.38,1.7,
subject matter,noun,6.44,2.58,8.2,1.15,
treat,verb,6.83,2.7,1.8,1.23,
vinegary,adj,5.1,1.95,3.93,1.98,
provender,noun,4.14,2.11,6.12,1.44,
sebaceous,adj,4.81,2.8,2.28,1.92,
forbid,verb,4.95,2.19,6.45,1.93,
girl,noun,3.17,2.23,7.27,1.36,
countenance,verb,4.54,1.86,6.46,1.52,
subject field,adj,4.5,1.91,6.89,1.7,
female monarch,noun,5.51,2.77,7.26,1.67,
reusable,adj,4.26,2.47,7.14,1.6,
refer,verb,6.26,2.61,2.79,2.12,
blacken,verb,4.37,2.14,6.47,1.59,
tump over,verb,5.86,2.4,2,1.18,
communicator,noun,5.74,2.38,3.48,2.33,
subdue,verb,5.44,2.68,6.93,1.83,
crack,noun,4.07,1.69,3.43,1.38,
sensory system,noun,5.22,2.38,6.66,1.57,
struggle,noun,6.56,2.34,4.13,1.78,
tiptop,adj,5.5,2.66,6.88,1.93,
mollycoddle,verb,5.53,2.8,8.22,1.2,
sorrow,verb,3.72,2.02,3.37,1.57,
fall,noun,4.7,2.41,7.23,1.8,
gentle,adj,4.63,2.61,7.12,1.34,
mighty,adj,5.83,2.69,6.84,1.8,
module,noun,5.42,2.25,6.62,1.5,
line,noun,5.89,2.37,6.98,1.97,
amass,verb,4.8,2.82,4.16,2.34,
goosy,adj,4.72,2.71,2.31,1.37,
disorder,verb,6.85,2.03,3.03,2.09,
body servant,noun,5.24,2.31,6.73,1.7,
day of rest,noun,5.04,2.66,7.55,1.85,
put across,verb,3.62,2.25,5.98,1.83,
lessen,verb,4.6,2.35,6.02,1.66,
unsuccessful,adj,5.09,3,2.34,1.66,
defeat,noun,6.63,2.84,8.32,1.16,
group,noun,5.94,2.09,7.33,1.7,
ruin,verb,6.81,3.17,1.25,0.91,
value,verb,6.96,2.17,2.76,2.12,
esthesis,noun,5.22,2.38,6.66,1.57,
unreal,adj,3.43,2.09,3.27,1.4,
drop,verb,4.14,2.3,2.93,1.76,
unrefined,adj,6.31,2.47,2.5,2.11,
figuring,noun,5.86,1.81,7,1.34,
smell,noun,5.46,2.47,7.02,1.84,
chitchat,verb,5.74,2.38,3.48,2.33,
treasonous,adj,6.56,2.21,1.93,1.61,
pioneer,verb,3.62,2.25,5.98,1.83,
figure,noun,4.19,2.45,6.32,1.74,
body waste,noun,4.97,2.49,6.61,1.78,
lubber,noun,4.8,2.82,4.16,2.34,
loving,adj,4.88,2.3,6.93,1.28,
starved,adj,5.13,2.44,3.58,2.01,
wretched,adj,5.38,2.23,2.43,1.27,
grip,verb,4.59,2.1,3.83,1.7,
higher cognitive process,noun,4.83,2.46,6.39,1.58,
gangdom,noun,4.8,2.71,7.65,1.55,
hurly burly,noun,5.71,2.34,4.95,2.22,
bother,verb,6.85,2.03,3.03,2.09,
extinct,adj,5.73,2.73,1.94,1.76,
debauch,verb,5.85,2.93,2.3,2.11,
motorbus,noun,3.55,1.8,4.51,1.57,
embarrassing,adj,5.12,2.19,5.22,1.82,
sexy,adj,6.63,2.7,7.97,1,
embellish,verb,4.91,2.57,6.58,1.78,
move,verb,4.7,2.48,4.09,2.21,
dolphin,noun,7.86,1.89,1.89,1.39,
ducky,noun,5.1,2.59,6.79,2.32,
vertical flute,noun,4.69,1.99,5.81,1.21,
business organization,noun,4.56,2.41,7.26,1.72,
armoured vehicle,noun,4.88,1.86,5.16,1.87,
block up,verb,5,2.83,6.42,2.05,
whipping,noun,6.77,2.42,1.64,1.18,
cling to,verb,4.4,2.67,7.72,1.92,
infuriated,adj,7.17,2.07,2.85,1.7,
saucy,adj,3.91,2.64,7.52,1.23,
cowardly,adj,4.43,2.05,5.61,1.94,
lop,verb,4.59,2.1,3.83,1.7,
Savior,noun,5.8,3.01,7.73,1.56,
dishonest,adj,4.67,2.35,3.32,2.32,
dismayed,adj,6.67,2.54,2,1.28,
substructure,noun,3.61,2.56,7.51,1.38,
chalk,noun,4.27,2.07,4.75,1.38,
abuzz,adj,6.38,1.78,5.02,2.02,
uncomparable,adj,4.83,2.66,2.41,1.77,
conduct,noun,4.56,1.78,5.64,1.34,
bacchanalia,noun,6.39,2.63,2.96,1.93,
deceive,verb,5.75,2.47,7.08,1.83,
somatic sensation,noun,6.5,2.49,2.13,1.81,
pokey,noun,5.49,2.67,1.95,1.27,
appall,verb,6.83,2.26,3.52,2.12,
outrage,verb,6.81,3.17,1.25,0.91,
rarified,adj,3.27,2.05,4.88,1.83,
adjudicator,noun,5.47,2.54,7.78,1.35,
unfearing,adj,5.6,2.21,6.8,1.61,
rear,verb,3.95,2.28,5.46,1.75,
women's rightist,noun,5,2.77,7.8,1.29,
nosey,adj,5.82,1.64,6.08,1.63,
severeness,noun,4.76,2.55,2.45,1.61,
vital,adj,5.5,2.74,7.25,2.22,
self-assured,adj,6.22,2.41,7.98,1.29,
rattling,adj,6.23,2.73,8.16,1.12,
reflex,noun,5.75,2.84,2.06,1.57,
glacial,adj,5.19,2.23,4.02,1.99,
wow,noun,6.39,2.63,2.96,1.93,
trickery,noun,5.75,2.45,2.67,1.66,
read,verb,6.84,2.06,7.13,1.58,
repellent,adj,4.93,2.23,2.81,1.52,
rascality,noun,5.76,1.95,5.57,2.05,
befouled,adj,4.88,2.29,3.08,2.05,
misrepresentaation,noun,6.1,2.77,1.56,0.79,
antecedent,noun,5.92,2.6,7.08,2.2,
achiever,noun,4.95,2.81,1.7,1.07,
sack,verb,7.17,2.06,3.22,2.06,
soul,noun,3.82,2.4,5.09,1.67,
giving,adj,5.95,2.73,7.93,1.47,
shit,verb,7.24,2.06,1.68,1.02,
fulfil,verb,5.41,2.43,6.63,1.68,
parcel of land,noun,5.53,2.96,7.92,1.2,
worn,adj,4.1,1.94,4.28,1.84,
topographic point,noun,4.28,2.53,6.58,1.42,
clan,noun,4.8,2.71,7.65,1.55,
agglomeration,noun,4.8,2.82,4.16,2.34,
percussive instrument,noun,3.22,2.23,5.22,0.91,
apprehensiveness,noun,3.83,2.33,1.88,1.23,
cherry,adj,5.29,2.04,6.41,1.61,
disesteem,noun,5.19,2.39,7.64,1.29,
protector,noun,5.85,3.15,8.44,0.9,
sexual morality,noun,5.9,1.83,7.66,1.24,
sense impression,noun,4.66,2.43,6.62,1.84,
fearful,adj,5.84,2.62,2.26,1.91,
pain in the neck,noun,4.49,2.69,3.27,1.86,
wizardly,adj,5.95,2.36,7.46,1.64,
sizeable,adj,3.98,2.22,6.3,1.56,
villain,noun,5.76,2.5,7.57,1.66,
drop down,verb,4.6,2.35,6.02,1.66,
Scheol,noun,5.38,2.62,2.24,1.62,
small-arm,noun,6.15,2.19,4.2,2.58,
environment,noun,3.88,1.99,5.33,0.87,
mere,adj,3.52,2.05,4.39,1.46,
give chase,verb,5.76,2.5,7.57,1.66,
vasoconstrictor,noun,5.19,2.23,4.02,1.99,
set back,verb,2.92,2.16,5.22,0.72,
sober,adj,4,1.87,5.08,1.59,
endeavour,noun,3.82,2.24,5.11,1.78,
ministration,noun,3.93,2.85,7.07,2.14,
day,noun,4.28,2.21,4.71,2.36,
trumpery,noun,4.17,2.02,4.61,1.63,
multiethnic,adj,4.98,2.59,6.88,1.82,
housing,noun,4.21,2.94,7.91,1.63,
souse,noun,5.69,2.36,2.84,2.34,
slumbrous,adj,2.82,2.13,5.58,1.83,
publicise,verb,4.12,2.3,6.34,1.56,
machine,noun,3.55,1.8,4.51,1.57,
prickteaser,noun,5.87,2.56,4.84,2.51,
want,verb,6.88,1.85,7.12,1.62,
laurels,noun,5.39,2.44,7.78,1.22,
enthral,verb,5.44,2.88,8.26,1.04,
coiffure,verb,4.05,1.89,6.41,1.34,
idle,adj,2.65,2.06,4.38,2.02,
relation,noun,5.21,2.75,7.58,1.48,
retard,noun,4.21,2.47,3.16,1.91,
citizen,noun,5.45,2.15,5.6,1.82,
weep,verb,4.57,2.38,3.52,1.99,
consider,verb,5.19,2.39,7.64,1.29,
married person,noun,4.93,2.22,6.33,1.97,
shorten,verb,4.65,2.13,5.2,1.28,
cheer,verb,4.9,2.35,4.31,2.18,
hold,verb,3.86,2.13,5.67,1.26,
pass away,verb,4.7,2.48,4.09,2.21,
Wagon,noun,3.98,2.04,5.37,0.97,
sham,noun,5.75,2.45,2.67,1.66,
dumbfounded,adj,7.47,2.09,7.47,1.56,
tormenter,noun,5.62,2.15,3.13,1.82,
set on,verb,6.83,2.26,3.52,2.12,
great,adj,5.43,2.85,7.47,1.45,
preferent,adj,5.1,2.59,6.79,2.32,
