word,cat,A_M,A_SD,V_M,V_SD
man of the cloth,noun,4.41,2.71,6.42,2,
dark-green,adj,4.28,2.46,6.18,2.05,
gift,verb,5.12,2.42,5.93,2.1,
headdress,noun,4.1,2,5.46,1.36,
superscript,adj,3.83,2.05,3.07,1.57,
unplanned,adj,5.38,2.58,6.02,1.77,
fleet,verb,3.47,2.39,7.17,1.2,
darkness,noun,4.28,2.21,4.71,2.36,
anger,noun,8.17,1.4,2.41,1.86,
change integrity,verb,4.65,2.39,3.2,1.81,
nudeness,noun,6.41,2.09,6.82,1.63,
production,noun,2.5,1.85,5.2,1.21,
quality,noun,4.12,2.3,6.34,1.56,
pleasure,noun,6.5,2.49,2.13,1.81,
frigid,adj,5.19,2.23,4.02,1.99,
upbringing,noun,5.74,2.46,6.69,1.77,
forbear,verb,4.95,2.19,6.45,1.93,
be after,verb,5.44,2.47,7.05,1.96,
shooting iron,noun,6.15,2.19,4.2,2.58,
trauma,noun,5.85,2.49,1.9,1.26,
unpleasant person,noun,6.5,2.49,2.13,1.81,
embrace,noun,5.35,2.76,8,1.55,
go down,verb,6.95,2.44,2.31,1.44,
moon curser,noun,4.76,2.4,5.67,1.91,
enduring,adj,4.21,2.37,5.29,1.89,
hunt down,verb,4.39,2.29,5.88,1.62,
cocksucker,noun,4.7,2.59,3.98,1.73,
scraps,noun,5.04,2.5,2.98,1.96,
vexation,noun,5.07,2.74,2.02,1.06,
human-centred,adj,4.5,1.91,6.89,1.7,
distortion,noun,4.07,2.15,4.64,1.36,
put,verb,2.95,1.72,4.95,0.98,
make out,verb,5,2.32,3.64,2.08,
accumulation,noun,6.75,2.3,8.27,0.9,
symbol,noun,6.07,2.67,7.47,1.72,
trip,verb,6.21,2.51,7.1,2,
go bad,verb,6.95,2.44,2.31,1.44,
anticipate,verb,5.3,2.66,6.68,2.71,
labor leader,noun,4.28,2.46,6.18,2.05,
miry,adj,4.13,2.13,4.44,2.07,
falsehood,noun,5.68,2.46,2.9,1.63,
measuring device,noun,7.25,2.25,8.19,1.13,
cognitive content,noun,5.86,1.81,7,1.34,
semantic role,noun,4.21,2.37,5.29,1.89,
snap,noun,4.37,2.32,6.85,1.71,
look out,verb,5,2.68,6.68,1.84,
disposition,noun,4.54,1.86,6.46,1.52,
psyche,noun,5,2.68,6.68,1.84,
pride,noun,4.98,2.31,4.3,1.91,
determination,noun,4.47,2.43,5.3,1.61,
wound,verb,5.8,2,3.62,2.18,
madness,noun,6.1,2.62,1.77,0.97,
slovenly person,noun,4.2,2.42,5.07,1.97,
curtilage,noun,4.39,2.35,6.71,1.74,
vamper,noun,6.91,1.69,7.52,1.19,
stink,noun,4.36,2.46,2.19,1.37,
nose candy,noun,5.75,2.47,7.08,1.83,
inhospitable,adj,6.44,2.28,2.73,1.5,
confect,noun,4.52,2.37,5.56,1.38,
pit,verb,4.79,2.11,3.38,1.7,
depression,noun,3.61,2.56,7.51,1.38,
dog-iron,noun,5.76,2.5,7.57,1.66,
currency,noun,7.37,2.21,8.37,1,
glob,noun,4.8,2.82,4.16,2.34,
go,verb,6.21,2.51,7.1,2,
barf,noun,5.75,2.84,2.06,1.57,
brave,noun,4.11,2.09,3.86,1.55,
building,noun,4.56,2.41,7.26,1.72,
traitorous,adj,6.56,2.21,1.93,1.61,
chemist,noun,4.61,2.24,5.39,1.8,
packaging,noun,6.44,2.58,8.2,1.15,
knuckle down,verb,6.21,2.93,1.84,1.13,
colouring,noun,4.73,2.64,7.02,1.57,
manducate,verb,6,2.43,7.18,1.97,
represent,verb,5.12,2.39,6.95,1.85,
male person,noun,4.58,2.37,6.32,1.6,
military personnel,noun,3.89,2.17,5.89,1.55,
chill,noun,8.02,1.65,8.05,1.48,
set,verb,4.71,2.09,6.93,1.47,
catch,noun,4.59,2.1,3.83,1.7,
vesture,noun,4.49,2.5,6.07,1.61,
carry through,verb,6.53,2.56,7.7,1.24,
misinform,verb,7.24,2.06,1.68,1.02,
content,noun,4.89,2.46,6.28,1.45,
enthralled,adj,6.21,2.93,1.84,1.13,
impartial,adj,3.18,1.85,4.61,1.28,
restrained,adj,2.9,1.81,4.67,1.31,
key,verb,4.25,2.47,5.55,2.24,
cartel,noun,5.3,2.66,6.68,2.71,
mental state,noun,6.33,2.45,2.1,1.49,
fate,noun,4.95,2.81,1.7,1.07,
putting to death,noun,6.77,2.42,1.64,1.18,
seafaring,noun,5.55,2.23,6.25,1.91,
surface area,noun,5.14,2.54,6.78,1.66,
middle,noun,2.95,1.72,4.95,0.98,
onslaught,noun,7.17,2.06,3.22,2.06,
combustion,noun,7.17,2.06,3.22,2.06,
ringing,adj,5.4,2.33,7.5,1.55,
loaded,adj,5.8,2.73,7.7,1.34,
respiratory illness,noun,5.19,2.23,4.02,1.99,
canal,noun,5.55,2.55,6.14,1.77,
undo,verb,6.83,2.38,2.64,2.03,
adult female,noun,4.93,2.22,6.33,1.97,
piping,noun,3.81,2.14,5.12,0.92,
grampus,noun,7.86,1.89,1.89,1.39,
denizen,noun,3.95,1.97,5.05,1.34,
equid,noun,3.89,2.17,5.89,1.55,
mischievous,adj,6.09,2.44,2.96,2.37,
religious rite,noun,4.1,2.12,5.78,1.51,
human,noun,5.24,2.31,6.73,1.7,
scissor grip,noun,4.47,1.76,5.05,0.96,
suppose,verb,5.98,2.14,7.32,1.52,
centre,verb,4.65,2.13,5.2,1.28,
irrecoverable,adj,5.82,2.62,2.82,1.83,
fipple flute,noun,4.69,1.99,5.81,1.21,
at rest,adj,5.73,2.73,1.94,1.76,
Leslie Townes Hope,noun,5.44,2.47,7.05,1.96,
wicked,adj,6.29,2.43,2.93,2.15,
anuran,noun,4.54,2.03,5.71,1.74,
brass,noun,5.04,2.18,6.39,1.6,
glum,adj,4.28,2.21,4.71,2.36,
glad,adj,4.34,2.31,6.89,2.29,
exacerbate,verb,5.76,2.15,3.11,1.67,
thirst,verb,6.88,1.85,7.12,1.62,
intellectual,noun,5,2.68,6.68,1.84,
reproductive structure,noun,5.03,2.65,7.26,1.18,
transport,verb,5.44,2.88,8.26,1.04,
compound lever,noun,4.47,1.76,5.05,0.96,
evil,noun,5.76,1.95,5.57,2.05,
unification,noun,6.34,2.35,6.48,2.45,
block of metal,noun,4.2,2.42,5.07,1.97,
missile,noun,5.33,2.48,3.29,2.06,
step in,verb,4.95,2.01,4.1,1.88,
muddy,adj,4.88,2.29,3.08,2.05,
disruption,noun,5.71,2.34,4.95,2.22,
depressant,adj,4.93,2.57,4.29,2.3,
material,noun,3.71,2.51,6.9,1.27,
forking,noun,3.96,1.94,5.29,0.97,
perceive,verb,5.85,2.49,1.9,1.26,
sweeten,verb,4.58,2.4,6.54,2.09,
coloured,adj,4.61,2.24,5.39,1.8,
beam,verb,6.22,1.91,2.73,1.72,
Theodore Harold White,noun,4.37,2.14,6.47,1.59,
thought,adj,4.84,2.57,6,2.21,
suffering,noun,6.1,2.77,1.56,0.79,
mitigated,adj,4.94,2.63,7.94,1.19,
skillet,noun,5.71,2.21,3.33,1.72,
desire,noun,4.53,2.72,6.73,1.75,
principal,noun,4.95,2.14,6.12,1.86,
maneuver,verb,3.42,2.21,6.32,1.56,
potentiality,noun,5.38,2.58,6.02,1.77,
savor,verb,5.22,2.38,6.66,1.57,
fell,adj,5.68,2.65,1.97,1.67,
modify,verb,4.44,1.96,6.16,1.89,
pass on,verb,4.4,2.07,5.95,1.38,
trigger,verb,4.86,2.56,5.46,0.98,
afeared,adj,6.67,2.54,2,1.28,
sovereign,noun,5.51,2.77,7.26,1.67,
disagreeable woman,noun,5.76,2.5,7.57,1.66,
Scorpion,noun,5.38,3.08,3.69,2.63,
storage space,noun,4.39,2.33,4.32,1.68,
cast,verb,5.75,2.84,2.06,1.57,
kill,verb,5.33,2.63,2.28,1.74,
mental object,noun,5.74,2.46,6.69,1.77,
tamed,adj,3.21,2.57,7.31,1.3,
canine,noun,5.76,2.5,7.57,1.66,
milksop,noun,5.17,2.57,3.14,1.96,
cod,verb,5.87,2.56,4.84,2.51,
sexual desire,noun,6.44,3.35,8.72,0.7,
stirred,adj,4.29,2.45,1.9,1.14,
municipality,noun,5.24,2.53,6.03,1.37,
trance,verb,5.16,2.25,6.77,1.58,
ingest,verb,5.69,2.51,7.47,1.73,
military service,noun,5.03,2.03,4.72,1.75,
insulting,adj,5.04,2.56,3.02,2.03,
cost,noun,5.57,2.26,3.05,1.65,
patch,noun,4.39,2.35,6.71,1.74,
pull ahead,verb,7.72,2.16,8.38,0.92,
permissive,adj,4.63,2.61,7.12,1.34,
give away,verb,7.24,2.06,1.68,1.02,
stupefied,adj,4.72,2.71,2.31,1.37,
sting,verb,4.7,2.59,3.98,1.73,
loot,verb,6.35,2.04,4.02,2.76,
clement,adj,4.63,2.61,7.12,1.34,
Martin Luther King Jr.,noun,5.51,2.77,7.26,1.67,
unhurried,adj,4.48,2.82,7.1,1.91,
ache,verb,6.22,1.91,2.73,1.72,
plateau,noun,2.92,2.16,5.22,0.72,
pathological,adj,5.06,2.68,2.87,2.14,
healthful,adj,5.43,2.85,7.47,1.45,
turn back,verb,7.17,2.06,3.22,2.06,
life history,noun,6.02,2.62,7.27,1.88,
colorful,adj,6.15,2.45,7.15,1.64,
gilt,adj,5.76,2.79,7.54,1.63,
time of year,noun,4.7,2.48,4.09,2.21,
key out,verb,3.7,2.18,5.68,1.62,
unfit,adj,4.63,2.61,7.12,1.34,
dullard,noun,4.72,2.71,2.31,1.37,
diapsid,noun,6.82,2.1,3.31,2.2,
scheme,noun,5.89,2.37,6.98,1.97,
card,noun,3.36,2.12,4.82,1.23,
pesterer,noun,5.62,2.15,3.13,1.82,
strength,noun,6.67,1.87,6.54,2.21,
squealer,noun,4.2,2.42,5.07,1.97,
furcate,verb,3.96,1.94,5.29,0.97,
permissiveness,noun,5.4,2.7,7.98,1.42,
despite,noun,5.28,2.04,3.85,2.13,
shift,noun,4.07,1.69,3.43,1.38,
unskilled,adj,3.74,2.33,5.86,1.42,
playing area,noun,4.08,2.41,6.2,1.37,
indulgent,adj,5.12,2.19,5.22,1.82,
timekeeper,noun,4.1,2.12,5.78,1.51,
slip up,verb,5.18,2.42,2.86,1.79,
yellowness,noun,5.76,2.79,7.54,1.63,
unmannered,adj,6.31,2.47,2.5,2.11,
displace,verb,5.73,2.09,4.33,2.35,
armoured combat vehicle,noun,4.88,1.86,5.16,1.87,
go across,verb,5,2.32,3.64,2.08,
manipulate,verb,4.95,2.01,4.1,1.88,
cloture,noun,6.56,2.54,2.48,2.11,
hold on,verb,4.95,2.19,6.45,1.93,
dominate,verb,4.3,2.26,4.35,1.23,
bad weather,noun,3.46,1.92,3.65,1.61,
scent,noun,5.05,2.36,6.76,1.48,
physical object,noun,3.82,2.24,5.11,1.78,
faculty,noun,4.75,2.5,6.82,1.96,
gross,adj,4.21,1.84,4.55,1.42,
unsuccessful person,noun,4.95,2.81,1.7,1.07,
existence,noun,6.02,2.62,7.27,1.88,
buoy,noun,2.93,1.8,4.93,1.89,
process,verb,4.33,1.78,5.19,1.27,
role,noun,4.08,1.92,5.24,1.59,
take shape,verb,5.67,2.51,7.76,1.51,
disheartened,adj,4.53,2.11,3,2.16,
vertical,noun,3.62,1.91,5.17,0.85,
angered,adj,7.17,2.07,2.85,1.7,
expel,verb,5,2.83,6.42,2.05,
discourse,noun,4.22,2.24,5.2,1.38,
rational motive,noun,5.69,2.45,7,1.72,
writing,noun,4.4,2.07,5.95,1.38,
tantalization,noun,5.87,2.56,4.84,2.51,
sex activity,noun,7.36,1.91,8.05,1.53,
vindicate,verb,4.48,2.29,4.05,1.41,
fine art,noun,6.75,2.3,8.27,0.9,
nitid,adj,5.4,2.33,7.5,1.55,
traveler,noun,4.82,2.49,6.54,1.64,
magistrate,noun,5.47,2.54,7.78,1.35,
goal,noun,3.63,2.02,5.45,1.15,
uncomprehensible,adj,4.28,2.21,4.71,2.36,
let down,verb,7.24,2.06,1.68,1.02,
house cat,noun,4.76,2.18,6.44,1.43,
blind,verb,6.33,2.02,7.29,1.09,
astounded,adj,6.58,2.22,6.56,1.61,
abolitionist,noun,5,2.77,7.8,1.29,
venerate,verb,6.96,2.17,2.76,2.12,
actress,noun,5.64,2.51,6.89,2.12,
dope,noun,4.14,2.11,6.12,1.44,
wannabe,noun,5.78,2.09,7.1,1.46,
goodness,noun,6.39,2.44,3.23,2.64,
bound,adj,5.15,3.04,8.26,1.31,
faith,adj,4.84,2.57,6,2.21,
control,verb,5.87,2.56,4.84,2.51,
peculiar,adj,4.27,2.46,4.82,2.04,
prospect,noun,4.59,2.31,5.98,1.86,
nonpareil,noun,4.49,1.9,6.49,1.7,
Justice,noun,5.47,2.54,7.78,1.35,
semidetached,adj,4.26,2.57,3.86,1.88,
paying attention,adj,5.72,2.3,7.65,1.03,
two-timing,adj,6.2,2.7,2.05,1.55,
neaten,verb,3.98,2.22,6.3,1.56,
dickhead,noun,6.07,2.15,3.36,2.16,
homosexual,noun,5.12,2.27,4.67,2.45,
improvidence,noun,4.14,2.3,2.93,1.76,
pox,noun,5.58,2.13,2.52,2.08,
heyday,noun,4,2.44,6.64,1.78,
unsmooth,adj,5.43,2.42,3.05,1.92,
fretfulness,noun,5.1,2.59,6.79,2.32,
stink up,verb,4.26,2.1,3,1.79,
coral reef,noun,3.7,2.18,5.68,1.62,
unbelieving,adj,4.91,1.92,4.52,1.63,
visual image,noun,4.08,2.41,6.2,1.37,
sea-coast,noun,4.59,2.31,5.98,1.86,
advancement,noun,6.44,2.58,8.2,1.15,
colored,adj,4.61,2.24,5.39,1.8,
justify,verb,4.48,2.29,4.05,1.41,
folder,noun,3.62,2.02,4.79,1.05,
freshwater,noun,3.65,2.35,5.08,2.51,
hooter,noun,3.98,1.87,5.8,1.31,
conjure up,verb,4.05,2.59,7.19,1.69,
visual aspect,noun,4.73,2.64,7.02,1.57,
intense,adj,5.26,2.36,3.2,1.74,
enforcement,noun,5.71,2.74,2.37,2.06,
assist,noun,4.4,2.07,5.95,1.38,
unprocessed,adj,6.31,2.47,2.5,2.11,
white,noun,4.61,2.24,5.39,1.8,
heaps,noun,5.49,2.43,6.59,1.66,
interval,noun,5.14,2.54,6.78,1.66,
bouncy,adj,5.53,2.9,7.2,1.97,
honour,noun,5.9,1.83,7.66,1.24,
cartridge,noun,4.35,2.25,3.38,1.7,
nauseant,noun,5.75,2.84,2.06,1.57,
tide,noun,6,2.02,3.19,1.66,
ineptitude,noun,4.98,2.31,4.3,1.91,
shine,verb,4.91,2.57,6.58,1.78,
articulatio talocruralis,noun,4.16,2.03,5.27,1.54,
start,verb,3.77,2.29,4.64,1.83,
care for,verb,4.4,2.36,5.67,2.06,
playful,adj,4,1.87,5.08,1.59,
spectacular,adj,6.24,2.59,7.75,1.75,
post,noun,5.63,2.36,6.88,1.74,
control surface,noun,4.16,1.99,5.44,1.18,
polite,adj,4.38,2.69,6.55,2.44,
astound,verb,6.33,2.02,7.29,1.09,
disposal,noun,5.47,2.54,7.78,1.35,
fancify,verb,4.05,1.89,6.41,1.34,
metallic,adj,5.76,2.79,7.54,1.63,
operating theater,noun,6.35,2.32,2.86,2.19,
sunless,adj,3.46,1.92,3.65,1.61,
Methedrine,noun,4.27,2.07,4.75,1.38,
omnipotent,adj,5.83,2.69,6.84,1.8,
causal agency,noun,3.98,2.33,5.2,1.18,
preoccupied,adj,5.82,2.62,2.82,1.83,
naive,adj,4.28,2.46,6.18,2.05,
lawyer,noun,3.7,2.18,5.68,1.62,
lost,adj,5.72,2.3,7.65,1.03,
whip,verb,4.38,2.24,5.72,2.43,
insect,noun,4.98,2.03,2.81,1.92,
meter,noun,3.27,1.98,5.02,0.93,
Plough,noun,3.98,2.04,5.37,0.97,
prod,verb,3.81,2.14,5.12,0.92,
boeuf,noun,4.55,2.14,6.27,1.5,
nonstandard,adj,3.83,2.05,3.07,1.57,
lazuline,noun,5,2.72,7,1.88,
gritty,adj,5.89,2.37,6.98,1.97,
large-grained,adj,4.21,1.84,4.55,1.42,
quidnunc,noun,4.84,2.41,5.17,2.02,
favourable,adj,6.53,2.34,8.17,1.06,
element,noun,3.79,1.96,4.95,1.17,
drinking chocolate,noun,5.29,2.55,6.88,1.89,
glorious,adj,6.02,2.67,7.15,1.85,
contestation,noun,7.15,2.19,3.76,2.63,
stormy,adj,5.33,2.04,4.74,2,
craniate,noun,5.18,2.19,4.77,2,
slave,noun,4.33,1.78,5.19,1.27,
devoid,adj,4.21,1.99,6.51,1.34,
blackamoor,noun,4.61,2.24,5.39,1.8,
exempt,verb,4.48,2.29,4.05,1.41,
find out,verb,5.39,2.22,7.15,1.49,
bonnie,adj,6.17,2.34,7.6,1.64,
lover,noun,5.24,2.31,6.73,1.7,
pleasant-tasting,adj,5.34,2.51,7.5,1.08,
champion,noun,5.83,2.44,7.27,1.66,
man-child,noun,4.58,2.37,6.32,1.6,
wilderness,noun,4.14,2.3,2.93,1.76,
predilection,noun,5.22,2.38,6.66,1.57,
betrothed,adj,6.77,2.07,8,1.38,
hazard,verb,5.38,2.58,6.02,1.77,
fill,verb,5.41,2.43,6.63,1.68,
performing artist,noun,5.83,2.44,7.27,1.66,
ornament,verb,5.14,2.39,6.93,1.3,
social occasion,noun,6.69,2.84,7.86,1.83,
slimy,adj,5.38,2.23,2.43,1.27,
sneaky,adj,4.67,2.35,3.32,2.32,
gynecologist,noun,4.52,2.37,5.56,1.38,
supply,verb,5.15,3.04,8.26,1.31,
smash,verb,6.21,2.79,2,1.31,
prepare,verb,5.33,2.04,4.74,2,
pronounce,verb,7.45,2.38,2.09,1.41,
medical dressing,noun,3.9,2.07,4.54,1.75,
disentangle,verb,5.87,2.56,4.84,2.51,
accuse,verb,4.07,1.69,3.43,1.38,
ill-being,noun,5.17,2.69,1.93,1.6,
follower,noun,4.3,2.26,4.35,1.23,
slack,verb,3.39,2.22,3.93,1.6,
absolved,adj,4.21,1.99,6.51,1.34,
otiose,adj,2.65,2.06,4.38,2.02,
corking,adj,5.43,2.85,7.47,1.45,
youngness,noun,5.67,2.52,6.75,2.29,
depressing,adj,2.98,2.18,3.05,1.58,
laxation,noun,4.12,2.36,3.21,1.87,
business leader,noun,6.67,1.87,6.54,2.21,
debauchery,noun,6.39,2.63,2.96,1.93,
move back and forth,verb,4.52,2.37,5.56,1.38,
taste property,noun,5.1,1.95,3.93,1.98,
concupiscence,noun,7.26,2.57,8.03,1.27,
deprivation,noun,5.61,2.53,2.39,1.82,
seating room,noun,3.52,2.29,6.02,1.89,
alter,verb,5.8,2.39,3.66,2,
guy,verb,5.87,2.56,4.84,2.51,
selection,noun,5.74,2.81,8.28,0.92,
property,noun,5.52,2.63,5.55,2.37,
passionate,adj,6.63,2.7,7.97,1,
story,noun,3.93,2.29,5.24,2.01,
liquid,noun,4.97,2.49,6.61,1.78,
good manners,noun,3.74,2.37,7.18,1.5,
frantic,adj,6.76,2.26,2.44,1.72,
spring chicken,noun,5.67,2.52,6.75,2.29,
visible radiation,noun,4.7,2.41,7.23,1.8,
turncoat,noun,5.5,2.55,2.45,1.8,
locomotion,noun,3.86,2.13,5.67,1.26,
imaginary creature,noun,4.59,3.07,1.61,1.4,
disturbance,noun,5.86,2.4,2,1.18,
moving picture,noun,4.93,2.54,6.86,1.81,
scholarly person,noun,5.86,2.7,5.2,2.54,
dark,adj,4.61,2.24,5.39,1.8,
fold up,verb,4.59,2.1,3.83,1.7,
sponsor,noun,4.83,2.63,7.53,1.58,
corundum,noun,5,2.72,7,1.88,
family line,noun,4.25,2.47,5.55,2.24,
do,verb,5,2.32,3.64,2.08,
inaccuracy,noun,5,2.77,7.8,1.29,
articulatio,noun,3.81,2.14,5.12,0.92,
reproduction,noun,5.11,2.84,7,2.01,
impairment,noun,3.81,2.27,3.29,1.69,
apex,noun,4.28,2.53,6.58,1.42,
leg,noun,3.96,1.94,5.29,0.97,
virtuoso,adj,5.2,2.85,7.09,1.78,
tremendous,adj,6.27,2.44,1.93,1.44,
pledge,verb,5.31,2.23,5.92,1.57,
small indefinite amount,noun,4.14,2.28,5.45,1.63,
light-colored,adj,4.37,2.14,6.47,1.59,
cover,verb,6.57,2.33,1.92,1.48,
achromatic colour,noun,4.37,2.14,6.47,1.59,
pianissimo assai,adj,4.63,2.61,7.12,1.34,
famished,adj,5.13,2.44,3.58,2.01,
declare,verb,4.49,1.9,6.49,1.7,
theologian,noun,4.93,2.82,3.34,2.31,
remiss,adj,4.1,1.94,4.28,1.84,
witch,verb,4.68,2.23,6.76,1.6,
expose,verb,4.12,2.3,6.34,1.56,
spurious,adj,3.43,2.09,3.27,1.4,
favour,verb,4.76,2.18,6.95,1.85,
sumptuousness,noun,4.75,2.91,7.88,1.49,
outlaw,noun,4.79,2.51,2.93,1.66,
ruttish,adj,6.63,2.7,7.97,1,
depositary,noun,3.6,2.13,5.54,1.86,
gentleman,noun,5.24,2.31,6.73,1.7,
work,verb,3.82,2.4,5.09,1.67,
harm,noun,6.22,1.91,2.73,1.72,
chromatic,adj,3.77,2.16,3.86,1.47,
psychological feature,noun,5.92,2.32,7.58,1.32,
non-living,adj,5.73,2.73,1.94,1.76,
symptom,noun,4.79,2.11,3.38,1.7,
wrongdoing,noun,5.57,2.26,3.05,1.65,
spend,verb,4.95,2.19,6.45,1.93,
biscuit,noun,7.32,2.03,8.26,1.54,
end,noun,4.59,3.07,1.61,1.4,
beauty,noun,6.02,2.71,7.55,1.68,
mansion house,noun,5.1,2.75,7.19,1.78,
grace,verb,5.14,2.39,6.93,1.3,
safety,noun,7.32,2.07,2.95,2.22,
approval,noun,4.95,2.62,7.53,1.67,
illegible,adj,4.93,2.23,2.81,1.52,
address,verb,5.27,2.31,7,1.52,
precarious,adj,5.56,2.34,2.36,1.33,
open,noun,5.92,2.55,7.47,1.8,
hardship,noun,6.33,2.7,1.73,1.13,
aching,noun,5.55,2.51,1.98,1.15,
twain,noun,6.39,2.31,7.41,1.97,
blamable,adj,6.04,2.76,2.63,1.98,
topsy-turvydom,noun,6.67,2.06,4.17,2.36,
colourise,verb,4.73,2.64,7.02,1.57,
dearest,noun,6.44,3.35,8.72,0.7,
attack,verb,4.1,2.34,2.88,1.75,
wear,noun,4.78,2.88,6.54,1.85,
blow,noun,4.9,2.35,4.31,2.18,
deal,verb,5,2.68,6.68,1.84,
pricker,noun,5.14,2.14,3.64,1.76,
set apart,verb,4.1,2.24,5.55,1.58,
of import,adj,6.24,2.59,7.75,1.75,
adorn,verb,5.38,2.54,7,1.72,
Billie Jean Moffitt King,noun,5.51,2.77,7.26,1.67,
beatific,adj,5.43,2.85,7.47,1.45,
dismiss,verb,7.17,2.06,3.22,2.06,
roughness,noun,4.07,2.15,4.64,1.36,
unadaptable,adj,4.66,2.47,3.66,2.12,
founding father,noun,5.92,2.6,7.08,2.2,
adhere,verb,4.07,1.98,3.55,1.7,
nest,verb,4.4,2.67,7.72,1.92,
set-aside,adj,3.27,2.05,4.88,1.83,
jubilancy,noun,5.78,2.6,7.8,1.83,
bobfloat,noun,3.8,2.18,5.22,1.13,
erectile organ,noun,5.54,2.63,5.9,1.72,
rich,adj,4.81,2.8,2.28,1.92,
imaginativeness,noun,4.53,2.72,6.73,1.75,
protective cover,noun,4.39,2.36,3.05,1.99,
sacrilege,noun,4.93,2.34,3.75,2.26,
appreciate,verb,6.75,2.3,8.27,0.9,
ungainly,adj,5.18,2.4,4,2.22,
Elwyn Brooks White,noun,4.37,2.14,6.47,1.59,
think of,verb,5,2.68,6.68,1.84,
observance,noun,5,2.68,6.68,1.84,
bemused,adj,5.82,2.62,2.82,1.83,
fight off,verb,7.15,2.19,3.76,2.63,
plant organ,noun,4.76,2.4,5.67,1.91,
presentiment,noun,4.3,2.26,4.35,1.23,
Virgin,noun,5.51,2.06,6.45,1.76,
come in,verb,3.36,2.12,4.82,1.23,
shriek,noun,7.04,1.96,3.88,2.07,
dopey,adj,4.72,2.71,2.31,1.37,
human action,noun,4.14,2.3,2.93,1.76,
herbaceous plant,noun,4.83,2.9,3.28,2.16,
disunite,verb,6.33,2.71,2.22,1.88,
regurgitation,noun,5.75,2.84,2.06,1.57,
save,verb,4.54,1.86,6.46,1.52,
yesteryear,noun,3.93,2.29,5.24,2.01,
biserrate,adj,5.33,2.04,4.74,2,
squander,verb,6.22,1.91,2.73,1.72,
constitute,verb,4.25,2.47,5.55,2.24,
buttery,adj,4.81,2.8,2.28,1.92,
carrying into action,noun,5.71,2.74,2.37,2.06,
building complex,noun,3.62,2.25,5.98,1.83,
point in time,noun,3.98,1.82,5.17,0.79,
season,verb,5.59,2.66,6.79,2.04,
health problem,noun,5.03,2.77,1.66,1.34,
bum,adj,3.83,2.05,3.07,1.57,
dick,noun,4.33,1.78,5.19,1.27,
smoke,noun,5.33,2.48,3.29,2.06,
Whitney Moore Young Jr.,noun,5.64,2.51,6.89,2.12,
imitation,adj,3.43,2.09,3.27,1.4,
pander,verb,5.5,2.91,8.56,0.81,
lead on,verb,7.24,2.06,1.68,1.02,
stretch,verb,3.42,2.21,6.32,1.56,
injured,adj,5,2.32,3.64,2.08,
illegitimate child,noun,6.07,2.15,3.36,2.16,
bring up,verb,4.25,2.47,5.55,2.24,
alphabetic character,noun,5.78,2.21,2.8,1.67,
piece,noun,6.27,1.94,4.37,2.75,
adapt,verb,3.18,1.76,4.74,1.02,
insensate,adj,5.19,2.23,4.02,1.99,
pedagogy,noun,5.74,2.46,6.69,1.77,
purloin,verb,4.59,2.1,3.83,1.7,
musical theme,noun,5.86,1.81,7,1.34,
festive,adj,5.9,2.42,7.9,1.49,
dark-skinned,adj,4.28,2.21,4.71,2.36,
top,noun,4.28,2.53,6.58,1.42,
physicist,noun,5.64,2.51,6.89,2.12,
skunk,noun,4.95,2.36,3.02,1.66,
slosh,verb,3.73,2.23,4.66,1.88,
surd,adj,5.12,2.19,5.22,1.82,
heap,verb,3.54,2.09,5.1,1.09,
junkie,noun,5.66,2.26,2.48,2.08,
qat,noun,4.38,2.24,5.72,2.43,
undyed,adj,4.09,2.37,6.59,1.57,
orchis,noun,3.76,2.39,5.29,1.82,
epicene,adj,5.17,2.57,3.14,1.96,
adynamic,adj,3.93,1.94,4.15,1.57,
turn on,verb,7.36,1.91,8.05,1.53,
concealing,noun,5.08,2.4,2.05,1.41,
butterfly,verb,6.91,1.69,7.52,1.19,
equipotent,adj,4.02,2.41,4.68,1.97,
rise,noun,4.7,2.48,4.09,2.21,
coney,noun,4.06,2.61,7.24,1.32,
enviousness,noun,6.36,2.66,2.51,1.83,
leporid,noun,4.02,2.19,6.57,1.92,
sphacelus,noun,5.7,2.96,2.28,1.91,
remove,verb,4.12,2.36,3.21,1.87,
alarum,noun,6.85,2.53,6.2,1.76,
appetence,noun,3.93,2.49,4.82,2.06,
split,verb,3.82,2.24,5.11,1.78,
defensive measure,noun,3.68,1.99,5.16,1.57,
request,verb,4.17,2.49,5.72,1.54,
cyprinid fish,noun,6.64,2.64,2.35,1.7,
envisage,verb,5.98,2.14,7.32,1.52,
cards,noun,6.51,2.12,6.81,1.66,
ichor,noun,4.82,2.06,2.86,1.91,
programme,noun,5.71,2.21,3.33,1.72,
scrap,noun,7.15,2.19,3.76,2.63,
quiet,adj,2.9,1.81,4.67,1.31,
blotto,adj,4.02,2.41,4.68,1.97,
reconcile,verb,3.7,2.18,5.68,1.62,
sentence,noun,6.02,2.62,7.27,1.88,
hopeless,adj,4.61,2.24,5.39,1.8,
sorcerous,adj,5.95,2.36,7.46,1.64,
governance,noun,3.59,2.07,4.61,1.4,
spunk,noun,6.34,2.25,7.39,1.53,
article of furniture,noun,2.92,2.16,5.22,0.72,
epidemic disease,noun,5.62,2.15,3.13,1.82,
restful,adj,2.82,2.13,5.58,1.83,
change,verb,4.88,2.3,6.93,1.28,
stumblebum,noun,4.8,2.82,4.16,2.34,
mythical creature,noun,6.18,2.25,4.05,2.48,
clapping,noun,4.4,2.07,5.95,1.38,
fully grown,adj,4.76,1.95,6.49,1.5,
unsporting,adj,4.93,2.23,2.81,1.52,
virtuous,adj,4.21,1.99,6.51,1.34,
root,noun,4.21,2.94,7.91,1.63,
great power,noun,6.67,1.87,6.54,2.21,
worktable,noun,3.59,2.07,4.61,1.4,
pistol,noun,5.55,2.39,4.02,2.44,
evangelist,noun,4.18,2.38,3.2,1.58,
queasy,adj,4.29,2.45,1.9,1.14,
flow,noun,6,2.02,3.19,1.66,
material body,noun,4.19,2.45,6.32,1.74,
stirred up,adj,6.63,2.7,7.97,1,
disquiet,verb,6.85,2.03,3.03,2.09,
unpretentious,adj,2.82,2.13,5.58,1.83,
hold dear,verb,6.75,2.3,8.27,0.9,
contagious disease,noun,5.06,2.44,2.74,1.97,
fight,noun,7.51,2.28,2.03,1.55,
debacle,noun,6.77,2.42,1.64,1.18,
leisure time,noun,5.64,2.99,8.16,1.36,
expectant,adj,5.78,2.09,7.1,1.46,
smack,adv,6.46,2.58,2.95,1.79,
sensation,noun,5.5,2.66,6.88,1.93,
heavy,adj,6.09,2.44,2.96,2.37,
formation,noun,4.54,3.19,1.85,1.67,
outcome,noun,5.1,2.4,6.21,1.63,
two-dimensional figure,noun,3.42,2.21,6.32,1.56,
pap,noun,5.56,2.55,6.27,1.81,
imagery,noun,4.66,2.43,6.62,1.84,
unconditional,adj,5.07,2.37,3.12,1.65,
dipteran,noun,4.78,2.72,2.8,1.91,
share-out,noun,6.14,2.76,7.77,2.24,
worshiper,noun,4.84,2.57,6,2.21,
recognise,verb,5.31,2.23,5.92,1.57,
pricelessness,noun,5.76,2.79,7.54,1.63,
unloved,adj,6.37,2.56,1.5,1.09,
bland,adj,4.91,2.57,6.58,1.78,
ashamed,adj,5.87,2.55,3.03,1.85,
flat solid,noun,3.61,2.56,7.51,1.38,
somebody,noun,4.19,2.45,6.32,1.74,
interment,noun,5.08,2.4,2.05,1.41,
unreactive,adj,3.18,1.85,4.61,1.28,
tweed,noun,4.37,2.14,6.47,1.59,
bed down,verb,6.95,2.44,2.31,1.44,
cry,verb,7.04,1.96,3.88,2.07,
mustard,noun,6.81,3.17,1.25,0.91,
penalty,noun,5.32,3.19,8.13,1.09,
affectionateness,noun,5.19,2.39,7.64,1.29,
romp,noun,5.89,2.37,6.98,1.97,
frigidity,noun,5.19,2.23,4.02,1.99,
solace,verb,3.93,2.85,7.07,2.14,
hard,adj,5.33,2.04,4.74,2,
gone,adj,5.82,2.62,2.82,1.83,
gird,verb,3.59,2.4,5.34,1.82,
elasticity,noun,5.67,2.51,7.76,1.51,
rip up,verb,5.87,2.56,4.84,2.51,
cluster,noun,4.07,2.15,4.64,1.36,
self-important,adj,5.56,3.01,8.03,1.56,
brave out,verb,6.15,2.45,7.15,1.64,
characteristic,noun,5.54,2.67,8.38,0.96,
idiotic,adj,4.36,2.2,4.26,1.82,
neb,noun,4.18,2.19,5.09,1.57,
confection,noun,4.58,2.4,6.54,2.09,
perforate,verb,5.71,2.34,4.95,2.22,
sentinel,noun,4.1,2.12,5.78,1.51,
unkindness,noun,4.3,2.62,7.82,1.39,
black,noun,4.37,2.14,6.47,1.59,
concordance,noun,2.95,2.55,7.72,1.75,
go on,verb,4.7,2.48,4.09,2.21,
intercommunicate,verb,6.74,1.84,8.1,1.36,
travel,verb,5.55,2.23,6.25,1.91,
endorse,verb,5.85,3.15,8.44,0.9,
uniting,noun,3.68,1.99,5.16,1.57,
acquaint,verb,5.12,2.39,6.95,1.85,
bring through,verb,4.95,2.19,6.45,1.93,
toss,verb,4.14,2.3,2.93,1.76,
offender,noun,5.5,2.55,2.45,1.8,
occult,adj,4.84,2.57,6,2.21,
ready,verb,6.07,2.61,2.21,1.99,
priest,noun,5.92,2.6,7.08,2.2,
Nirvana,noun,5.61,3.2,7.3,2.39,
string,noun,3.49,2.26,5.43,1.98,
botany,noun,4.39,2.35,6.71,1.74,
upheaval,noun,7.67,1.91,7.5,2.2,
immoderate,adj,6.29,2.43,2.93,2.15,
jolty,adj,5.33,2.04,4.74,2,
chairwoman,noun,3.15,1.77,5.08,0.98,
pipe,verb,5.36,2.91,3.93,2.22,
lifespan,noun,6.02,2.62,7.27,1.88,
scene,noun,4.3,2.26,4.35,1.23,
beach waggon,noun,3.98,2.04,5.37,0.97,
work party,noun,4.1,2.24,5.55,1.58,
evilness,noun,5.43,2.85,7.47,1.45,
aesthetical,adj,6.17,2.34,7.6,1.64,
straightforward,adj,3.18,1.76,4.74,1.02,
unrighteous,adj,6.29,2.43,2.93,2.15,
untried,adj,5.64,2.51,6.89,2.12,
play,verb,6.91,1.69,7.52,1.19,
coloring material,noun,4.1,2.36,5.62,1.72,
disconcert,verb,5.86,2.4,2,1.18,
order,noun,2.82,2.13,5.58,1.83,
light,adj,4.48,2.82,7.1,1.91,
tripe,noun,4.16,2.16,2.67,1.45,
unembellished,adj,3.52,2.05,4.39,1.46,
gambling den,noun,6.51,2.12,6.81,1.66,
place,verb,3.36,2.28,5.05,1.46,
divide,verb,5,2.32,3.64,2.08,
deceit,noun,4.39,2.36,3.05,1.99,
thread,verb,6.82,2.1,3.31,2.2,
disaffect,verb,5.45,2.15,5.6,1.82,
reward,verb,5.14,2.39,6.93,1.3,
belong,verb,5.96,2.63,2.79,1.92,
melody,noun,3.82,2.24,5.11,1.78,
pounding,noun,4.58,2.02,4.88,1.16,
crop,verb,4.05,1.89,6.41,1.34,
trade,verb,4.12,1.83,5.66,1.02,
damage,verb,6.41,2.94,1.82,1.45,
questioning,adj,5.82,1.64,6.08,1.63,
disfigure,verb,5.44,2.1,3.9,2.01,
get into,verb,4.1,2,5.46,1.36,
body covering,noun,5.28,2.51,4.32,1.91,
taint,verb,4.67,2.35,3.32,2.32,
humanistic discipline,adj,7.59,2.07,8.32,1,
early,adj,6.31,2.47,2.5,2.11,
natural virtue,noun,5.47,2.54,7.78,1.35,
assail,verb,5.73,2.09,4.33,2.35,
epitome,noun,4.65,2.13,5.2,1.28,
personage,noun,5.04,2.66,7.55,1.85,
mate,noun,5.21,2.75,7.58,1.48,
unvoiced,adj,4.63,2.61,7.12,1.34,
mental attitude,noun,5.4,2.7,7.98,1.42,
moulding,noun,4.07,1.98,3.55,1.7,
liquidate,verb,4.14,2.3,2.93,1.76,
article,noun,3.62,1.91,5.17,0.85,
sombreness,noun,3.83,2.33,1.88,1.23,
unemotional,adj,3.27,2.05,4.88,1.83,
refuse,verb,4.91,2.45,3.22,2.02,
benignity,noun,4.54,1.86,6.46,1.52,
open fireplace,noun,7.17,2.06,3.22,2.06,
hair style,noun,6.64,2.64,2.35,1.7,
fancy,noun,5.14,2.82,7.41,1.9,
hotdog,noun,5.76,2.5,7.57,1.66,
hold over,verb,2.92,2.16,5.22,0.72,
spread out,verb,4.14,2.11,6.12,1.44,
ginmill,noun,5,2.83,6.42,2.05,
outpouring,noun,5.67,2.51,7.76,1.51,
unemployment,noun,5.28,2.12,6.47,1.81,
strain,noun,4.71,2.09,6.93,1.47,
free,verb,4.91,2.57,6.58,1.78,
ovalbumin,noun,4.37,2.14,6.47,1.59,
slightness,noun,6.74,1.84,8.1,1.36,
promulgate,verb,4.97,2.13,5.75,1.38,
warmhearted,adj,4.63,2.61,7.12,1.34,
fatal,adj,4.61,2.24,5.39,1.8,
stimulant,noun,4.9,2.35,4.31,2.18,
homopteran,noun,4.98,2.03,2.81,1.92,
cloud over,verb,3.46,1.92,3.65,1.61,
murderer,noun,6.28,2.53,3.09,2.09,
dissatisfaction,noun,4.4,2.33,5.09,1.76,
orbit,noun,3.88,1.99,5.33,0.87,
pathology,noun,5.7,2.96,2.28,1.91,
someone,noun,3.82,2.4,5.09,1.67,
worry,verb,5.66,2.26,6.97,1.53,
violate,verb,6.83,2.26,3.52,2.12,
iniquity,noun,6.39,2.44,3.23,2.64,
writing style,noun,4,2.85,5.86,1.91,
fag,noun,4.76,2.18,6.44,1.43,
trait,noun,5.3,2.66,6.68,2.71,
curve,verb,5,2.32,3.64,2.08,
carsick,adj,5.8,2.88,2.05,1.2,
opus,noun,4.36,2.13,5.28,1.44,
chagrin,verb,3.74,2.33,5.86,1.42,
stake,verb,6.98,2.15,7.6,1.5,
unoriented,adj,5.82,2.62,2.82,1.83,
set-apart,adj,4.26,2.57,3.86,1.88,
actor,noun,5.83,2.44,7.27,1.66,
painfulness,noun,5.85,2.49,1.9,1.26,
muscular,adj,5.83,2.69,6.84,1.8,
water,noun,5.37,2.84,7.88,1.03,
tinge,noun,4.59,2.1,3.83,1.7,
sorrowful,adj,5.33,2.69,2.12,1.56,
respond,verb,4.08,2.41,6.2,1.37,
add together,verb,3.27,1.98,5.02,0.93,
demoralize,verb,6.26,2.61,2.79,2.12,
locomote,verb,6.21,2.51,7.1,2,
mathematical notation,noun,6.67,1.87,6.54,2.21,
botheration,noun,6.5,2.49,2.13,1.81,
punctuate,verb,7.45,2.38,2.09,1.41,
flying,adj,4.12,2.3,6.34,1.56,
theatrical role,noun,3.82,2.24,5.11,1.78,
deteriorate,verb,4.14,2.3,2.93,1.76,
two-timer,noun,5.78,2.47,2.22,1.69,
contumely,noun,6.83,2.7,1.8,1.23,
practiced,adj,5.43,2.85,7.47,1.45,
laborer,noun,4.4,2.07,5.95,1.38,
con,verb,5.39,2.22,7.15,1.49,
incompetent,adj,5.18,2.4,4,2.22,
unhealthy,adj,4.43,2.05,5.61,1.94,
baseball player,noun,4.76,2.4,5.67,1.91,
constellation,noun,6.82,2.1,3.31,2.2,
paladin,noun,5.85,3.15,8.44,0.9,
fibre,noun,5.56,2.62,7,1.32,
witticism,noun,5.5,2.91,8.56,0.81,
demeanour,noun,4.56,1.78,5.64,1.34,
hymenopteron,noun,5.5,2.17,3.37,1.63,
spirited,adj,5.5,2.74,7.25,2.22,
period of time,noun,2.8,2.66,7.2,1.77,
important person,noun,4.25,2.47,5.55,2.24,
disloyal,adj,6.56,2.21,1.93,1.61,
start out,verb,3.82,2.24,5.11,1.78,
halo,noun,6.02,2.71,7.55,1.68,
angry,adj,6.76,2.26,2.44,1.72,
preparedness,noun,6.85,2.53,6.2,1.76,
feel,verb,5.83,2.48,7,2.11,
surefooted,adj,5.08,2.07,7.16,1.39,
newspaper headline,noun,3.83,1.95,5.4,0.83,
territorial division,noun,5.24,2.53,6.03,1.37,
starring,adj,5.83,2.44,7.27,1.66,
modest,adj,3.74,2.33,5.86,1.42,
profession,noun,5,2.83,6.42,2.05,
utterly,adv,5.73,2.73,1.94,1.76,
paddy wagon,noun,3.98,2.04,5.37,0.97,
danger,noun,5.38,2.58,6.02,1.77,
work out,verb,5.41,2.43,6.63,1.68,
age bracket,noun,5.64,2.51,6.89,2.12,
rudeness,noun,5.28,2.04,3.85,2.13,
solid-coloured,adj,3.52,2.05,4.39,1.46,
treaty,noun,2.95,2.55,7.72,1.75,
tragedy,noun,6.33,2.7,1.73,1.13,
action,noun,7.49,2.16,2.08,1.91,
sew together,verb,3.46,1.92,3.65,1.61,
semidarkness,noun,3.83,2.33,1.88,1.23,
motion,verb,5.44,2.68,6.93,1.83,
struggle,verb,7.49,2.16,2.08,1.91,
rigor,noun,4.76,2.55,2.45,1.61,
crawl in,verb,3.61,2.56,7.51,1.38,
coming,noun,8.1,1.45,8.32,1.31,
Devil,noun,6.07,2.61,2.21,1.99,
strangle,verb,6.03,3.19,1.56,0.96,
bug,verb,5.87,2.56,4.84,2.51,
explorer,noun,5.04,2.1,6.45,1.55,
live,verb,5.94,2.09,7.33,1.7,
astringent,adj,5.1,1.95,3.93,1.98,
admirer,noun,5.85,3.15,8.44,0.9,
occurrence,noun,6.95,2.44,2.31,1.44,
manifest,adj,3.52,2.05,4.39,1.46,
watercraft,noun,5.61,2.72,6.95,1.79,
deflower,verb,4.04,2.14,3.18,1.86,
vex,verb,5.69,2.51,7.47,1.73,
Frenchwoman,noun,4.54,2.03,5.71,1.74,
facility,noun,4.97,2.49,6.61,1.78,
opinion,noun,5,2.68,6.68,1.84,
gravelly,adj,5.33,2.04,4.74,2,
act upon,verb,4.73,2.64,7.02,1.57,
Edward D. White,noun,4.37,2.14,6.47,1.59,
defeat,verb,5.86,2.4,2,1.18,
distort,verb,4.73,2.64,7.02,1.57,
odorize,verb,5.05,2.36,6.76,1.48,
in attendance,adj,5.12,2.39,6.95,1.85,
group,verb,4.8,2.82,4.16,2.34,
example,noun,4.95,2.57,7.82,1.16,
simple,noun,3.18,1.76,4.74,1.02,
pushcart,noun,4.84,2.17,5.47,1.88,
sicken,verb,6.56,2.34,4.13,1.78,
wan,adj,4.29,2.45,1.9,1.14,
picture,noun,6.41,2.09,6.82,1.63,
financial condition,noun,4.87,2.66,1.67,0.9,
concave shape,noun,4.54,3.19,1.85,1.67,
multipurpose,adj,4.26,2.47,7.14,1.6,
hoof it,verb,3.27,1.98,5.02,0.93,
dilapidated,adj,4.1,1.94,4.28,1.84,
ameliorate,verb,5.69,2.15,7.65,1.16,
queer,verb,4.92,2.64,2.39,1.44,
cleft,noun,6.33,2.21,4.84,2.14,
scathe,noun,5.57,2.26,3.05,1.65,
intruder,noun,5.45,2.15,5.6,1.82,
bank,verb,5.3,2.66,6.68,2.71,
lightly,adv,5.12,2.19,5.22,1.82,
irrational motive,noun,7.26,2.57,8.03,1.27,
possibleness,noun,5.38,2.58,6.02,1.77,
C,noun,5.53,2.96,7.92,1.2,
vessel,noun,4.79,2.44,6.15,1.49,
hassle,verb,5.36,2.89,3.82,1.73,
enclothe,verb,4.49,2.5,6.07,1.61,
organisation,noun,3.82,2.4,5.09,1.67,
plumbago,noun,3.14,1.9,5.22,0.68,
god,noun,4.49,1.9,6.49,1.7,
business enterprise,noun,3.92,1.94,5.29,1.15,
nipping,adj,4.24,2.17,3.95,2.09,
specie,noun,4.29,2.48,6.02,1.96,
Lion,noun,6.2,2.16,5.57,1.99,
up to,adj,5.08,2.07,7.16,1.39,
upstage,adj,3.27,2.05,4.88,1.83,
use up,verb,5.69,2.51,7.47,1.73,
textual matter,noun,4.9,2.37,6.61,1.59,
call for,verb,7.35,1.76,7.69,1.39,
feller,noun,5.76,2.5,7.57,1.66,
infuriated,adj,7.97,2.17,2.46,1.65,
rock oil,noun,5.07,2.37,3.12,1.65,
supernatural being,noun,5.56,2.62,7,1.32,
area,noun,4.08,2.41,6.2,1.37,
jubilant,adj,6.78,2.58,8.82,0.73,
Education,noun,5.74,2.46,6.69,1.77,
septic,adj,4.88,2.29,3.08,2.05,
internal organ,noun,6.34,2.25,7.39,1.53,
boast,verb,5.78,2.6,7.8,1.83,
flop,noun,7.15,2.4,2.1,1.19,
stricken,adj,4.29,2.45,1.9,1.14,
creation,noun,5.32,2.39,6.5,2.03,
cut,adj,5.33,2.04,4.74,2,
tincture,noun,4.3,2.26,4.35,1.23,
chromatic colour,noun,5.29,2.04,6.41,1.61,
practice session,noun,6.84,2.06,7.13,1.58,
decoct,verb,4.65,2.13,5.2,1.28,
font,noun,5.6,2.21,6.8,1.61,
putrid,adj,4.53,2.38,2.26,1.37,
people of colour,noun,4.73,2.64,7.02,1.57,
Danton True Young,noun,5.64,2.51,6.89,2.12,
Fatherhood,noun,5.92,2.6,7.08,2.2,
rear,verb,4.7,2.59,3.98,1.73,
certification,noun,5.67,2.8,8,1.39,
honor,noun,6.55,2.46,7.93,1.29,
weapon system,noun,7.02,1.84,3.47,2.48,
clothes,noun,4.05,1.89,6.41,1.34,
vamp,noun,5.87,2.56,4.84,2.51,
rattling,adj,5.9,2.42,7.9,1.49,
provide,verb,4.27,2.07,4.75,1.38,
fuddle,verb,4.78,2.34,5.95,2.19,
prosody,noun,7.45,2.38,2.09,1.41,
percentage,noun,3.82,2.24,5.11,1.78,
time of day,noun,4.2,2.99,7.68,1.72,
kilo,noun,3.7,2.18,5.68,1.62,
physiological property,noun,4.38,2.13,5.73,1.55,
meliorate,verb,5.69,2.15,7.65,1.16,
intelligent,adj,4.09,2.37,6.59,1.57,
air out,verb,4.12,2.3,6.34,1.56,
gloam,noun,4.7,2.41,7.23,1.8,
inconvenience oneself,verb,6.85,2.03,3.03,2.09,
apologize,verb,4.73,2.64,7.02,1.57,
fisticuffs,noun,7.15,2.19,3.76,2.63,
treasonable,adj,6.2,2.7,2.05,1.55,
signalize,verb,4.6,2.35,6.02,1.66,
effigy,noun,5.95,2.84,8.15,1.27,
corneous,adj,5.12,2.19,5.22,1.82,
metropolis,noun,4.38,2.69,6.55,2.44,
geared,adj,6.77,2.07,8,1.38,
lepidopteran,noun,3.47,2.39,7.17,1.2,
player,noun,3.73,2.26,5.61,1.93,
paw,noun,4.4,2.07,5.95,1.38,
Kuki-Chin,noun,3.31,1.98,5.29,1.27,
matter,noun,5.92,2.11,7.65,1.37,
slacken off,verb,4.6,2.35,6.02,1.66,
tenderness,noun,6.21,2.75,8.39,0.86,
monastic,noun,4.71,2.68,7.11,2.17,
architect,noun,4.37,2.14,6.47,1.59,
keep,verb,4.95,2.19,6.45,1.93,
gun,noun,4.71,2.84,4.9,2.2,
perceptiveness,noun,5.22,2.38,6.66,1.57,
easy,adj,4.63,2.61,7.12,1.34,
huckster,verb,4.39,2.29,5.88,1.62,
concept,noun,3.82,2.24,5.11,1.78,
achromatic color,noun,4.61,2.24,5.39,1.8,
get wind,verb,5.39,2.22,7.15,1.49,
faint-hearted,adj,4.11,2.09,3.86,1.55,
resolution,noun,5.41,2.43,6.63,1.68,
thoughtless,adj,3.18,1.85,4.61,1.28,
inactive,adj,3.39,2.22,3.93,1.6,
Christmastime,noun,6.27,2.56,7.8,1.55,
enfeeble,verb,4.14,2.3,2.93,1.76,
awed,adj,4,1.6,5.35,1.21,
conserves,noun,3.7,2.29,5.66,1.44,
sarcastic,adj,4.61,2.24,5.39,1.8,
toilet table,noun,4.98,2.31,4.3,1.91,
custom,noun,3.95,2.11,4.11,1.77,
crusade,noun,7.49,2.16,2.08,1.91,
friendly relationship,noun,5.3,2.66,6.68,2.71,
calumny,noun,4.25,2.47,5.55,2.24,
notice,noun,3.93,2.56,5.34,1.75,
arse,noun,2.95,1.72,4.95,0.98,
disclose,verb,7.24,2.06,1.68,1.02,
trail,verb,5.76,2.5,7.57,1.66,
carnage,noun,5.33,2.63,2.28,1.74,
Charles Percy Snow,noun,5.75,2.47,7.08,1.83,
peak,noun,5.03,2.65,7.26,1.18,
blue devil,noun,4.31,2.2,6.76,1.78,
timber,noun,3.36,2.12,4.82,1.23,
put down,verb,4.17,2.49,5.72,1.54,
undignified,adj,5.88,2.38,7.41,1.8,
niche,noun,3.91,1.92,4.36,1.21,
vocalization,noun,6.75,2.5,8.45,1.08,
cuckold,verb,7.24,2.06,1.68,1.02,
make full,verb,3.84,1.88,5.05,0.81,
cerebration,noun,4.83,2.46,6.39,1.58,
hash out,verb,3.15,1.77,5.08,0.98,
religious leader,noun,3.91,2.64,7.52,1.23,
perception,noun,5.22,2.38,6.66,1.57,
let,verb,5.3,2.66,6.68,2.71,
bright,adj,6.49,2.77,8.21,1.82,
anxiety,noun,6.96,2.17,2.76,2.12,
snoot,noun,5.65,2.36,3.36,1.81,
accustom,verb,5.66,2.26,2.48,2.08,
choler,noun,6.83,2.26,3.52,2.12,
cull,verb,4.72,2.33,5.78,2.22,
rumormonger,noun,5.74,2.38,3.48,2.33,
rising,noun,6.56,2.34,4.13,1.78,
existing,adj,5.5,2.74,7.25,2.22,
statement,noun,5.41,2.43,6.63,1.68,
component,noun,3.82,2.24,5.11,1.78,
discomfited,adj,5.61,2.76,2.48,1.64,
bushed,adj,5.73,2.73,1.94,1.76,
hunch,noun,6.34,2.25,7.39,1.53,
funniness,noun,5.85,2.81,8.37,0.94,
creativity,noun,4.66,2.43,6.62,1.84,
impractical,adj,7.59,2.07,8.32,1,
regime,noun,5.1,2.75,7.19,1.78,
Patrick Victor Martindale White,noun,4.37,2.14,6.47,1.59,
opportune,adj,5.43,2.85,7.47,1.45,
core,noun,6.34,2.25,7.39,1.53,
heavier-than-air craft,noun,6.14,2.39,6.43,1.98,
alluvion,noun,6,2.02,3.19,1.66,
hefty,adj,3.98,2.22,6.3,1.56,
sister,noun,4.71,2.68,7.11,2.17,
exalt,verb,8.02,1.65,8.05,1.48,
social class,noun,5.32,2.39,6.5,2.03,
confide,verb,5.3,2.66,6.68,2.71,
armor plating,noun,4.71,2.84,4.9,2.2,
incandescent lamp,noun,4.1,2.02,5.61,1.28,
duet,noun,6.39,2.31,7.41,1.97,
flying field,noun,4.08,2.41,6.2,1.37,
strike down,verb,5,2.32,3.64,2.08,
humankind,noun,5.32,2.39,6.5,2.03,
fugly,adj,5.38,2.23,2.43,1.27,
far-famed,adj,5.73,2.68,6.98,2.07,
filthy,adj,4.89,2.5,3.58,2.38,
sibilant,adj,4.63,2.61,7.12,1.34,
turn,verb,6.22,1.91,2.73,1.72,
blue,adj,3.21,2.57,7.31,1.3,
ware,verb,4.14,2.3,2.93,1.76,
stopper,noun,3.8,2.18,5.22,1.13,
edge tool,noun,6.14,2.39,6.43,1.98,
winner,noun,4.95,2.57,2.25,1.48,
field of battle,noun,4.08,2.41,6.2,1.37,
promiscuous,adj,4.48,2.82,7.1,1.91,
solid,noun,4.07,1.98,3.55,1.7,
refracting telescope,noun,4.27,2.07,4.75,1.38,
ply,verb,3.36,2.12,4.82,1.23,
young lady,noun,4.29,2.69,6.87,1.64,
halting,adj,5.89,2.37,6.98,1.97,
view,noun,4.89,2.46,6.28,1.45,
choke,verb,6.03,3.19,1.56,0.96,
challenging,adj,5.12,2.19,5.22,1.82,
revel,verb,6.39,2.63,2.96,1.93,
feces,noun,4,2.14,4.56,1.72,
saving,noun,6.53,2.56,7.7,1.24,
somaesthesia,noun,6.07,2.26,3.38,1.61,
risk,verb,6.98,2.15,7.6,1.5,
stench,noun,4.26,2.1,3,1.79,
unsound,adj,4.53,2.38,2.26,1.37,
incapacitate,verb,3.81,2.27,3.29,1.69,
gab,noun,5.74,2.38,3.48,2.33,
take a hop,verb,5.67,2.51,7.76,1.51,
angel,noun,4.49,1.9,6.49,1.7,
business,noun,4.56,2.41,7.26,1.72,
agency,noun,4.33,1.78,5.19,1.27,
assault,verb,6.81,3.17,1.25,0.91,
clothe,verb,3.95,2.09,5.25,1.33,
dejected,adj,4.18,2.5,1.57,0.96,
bad luck,noun,3.72,2.02,3.37,1.57,
bloody,adj,5.29,2.04,6.41,1.61,
destroyed,adj,5.43,2.42,3.05,1.92,
trap,noun,4.39,2.08,3.76,1.64,
Xmas,noun,6.27,2.56,7.8,1.55,
admit,verb,4.56,2.41,7.26,1.72,
sports stadium,noun,3.47,2.12,5.33,1.33,
magical spell,noun,5.16,2.25,6.77,1.58,
posterior,adj,4.12,2.01,3.81,1.42,
sloppy,adj,4.07,2.18,4.02,1.41,
nude,adj,5.8,2.8,6.34,2.42,
persuasion,noun,5.86,1.81,7,1.34,
swell up,verb,4.1,2.34,2.88,1.75,
ravishment,noun,6.81,3.17,1.25,0.91,
bedevil,verb,6.47,2.47,2.23,1.72,
bringing,noun,4.36,2.13,5.28,1.44,
piddle,noun,4.2,2.18,3.25,1.71,
sense of humour,noun,5.5,2.91,8.56,0.81,
figure out,verb,5.41,2.43,6.63,1.68,
enkindle,verb,7.17,2.06,3.22,2.06,
towboat,noun,3.95,2.28,5.46,1.75,
guaranteed,adj,3.14,2.47,7.57,1.76,
birdsong,noun,6.07,2.42,7.1,1.97,
decelerate,verb,3.39,2.22,3.93,1.6,
vegetable,noun,4.28,2.46,6.18,2.05,
pee,noun,4.97,2.49,6.61,1.78,
subdued,adj,2.82,2.13,5.58,1.83,
misfortune,noun,4.76,2.55,2.45,1.61,
demerit,noun,4.52,2.52,6.22,2.06,
dramatic composition,noun,4.17,2.49,5.72,1.54,
progeny,noun,5.55,2.29,7.08,1.98,
suppress,verb,5.44,2.68,6.93,1.83,
sunshiny,adj,5.4,2.33,7.5,1.55,
atmosphere,noun,3.83,2.33,1.88,1.23,
internal representation,noun,5.42,2.25,6.62,1.5,
male parent,noun,6.13,2.71,8.39,1.15,
task,noun,5.53,2.8,8.22,1.2,
acetify,verb,5.1,1.95,3.93,1.98,
railway car,noun,4.88,2.3,6.93,1.28,
noise,verb,7.04,1.96,3.88,2.07,
sanctify,verb,4.05,2.59,7.19,1.69,
worked up,adj,6.63,2.7,7.97,1,
downfall,noun,5.75,2.47,7.08,1.83,
pull the wool over someone's eyes,verb,5.75,2.47,7.08,1.83,
lop off,verb,6.64,2.64,2.35,1.7,
domiciliate,verb,4.21,2.94,7.91,1.63,
fight down,verb,7.15,2.19,3.76,2.63,
institution,noun,4.21,2.94,7.91,1.63,
encircle,verb,3.86,2.13,5.67,1.26,
confirmed,adj,4.81,2.46,2.51,1.42,
time period,noun,4.28,2.21,4.71,2.36,
be well,verb,5.85,2.49,1.9,1.26,
discolour,verb,6.22,1.91,2.73,1.72,
concord,noun,5.02,2.24,7.08,1.59,
aboulic,adj,5.13,2.76,4.45,2.23,
solitude,noun,4.56,2.97,1.61,1.02,
raptorial bird,noun,4.39,2.29,5.88,1.62,
court card,noun,5.51,2.77,7.26,1.67,
pacificist,noun,3.79,2.28,6.9,1.54,
soundless,adj,2.82,2.13,5.58,1.83,
tomato ketchup,noun,4.09,2.08,5.6,1.35,
gentle wind,noun,4.12,2.3,6.34,1.56,
evildoing,noun,5.78,2.21,2.8,1.67,
insecure,adj,3.89,2.54,7.62,1.41,
stop up,verb,3.8,2.18,5.22,1.13,
meaning,noun,5.56,2.62,7,1.32,
air,noun,4.37,2.32,6.85,1.71,
snack,noun,4.45,2.7,7.44,1.29,
touch,noun,5.73,2.09,4.33,2.35,
mark,noun,4.79,2.11,3.38,1.7,
confused,adj,5.88,2.38,7.41,1.8,
rival,noun,5.85,3.15,8.44,0.9,
exult,verb,5.78,2.6,7.8,1.83,
bill of exchange,noun,5.4,2.7,7.98,1.42,
masticate,verb,6,2.43,7.18,1.97,
close,verb,3.14,2.47,7.57,1.76,
female,noun,4.29,2.69,6.87,1.64,
unconcerned,adj,3.12,1.93,4.74,1.11,
disintegrate,verb,6.95,2.44,2.31,1.44,
inundate,verb,4.86,2.36,5.14,2.24,
words,noun,6.29,2.56,2.93,2.06,
soil,noun,3.98,2.29,3.37,1.34,
comb out,verb,5.87,2.56,4.84,2.51,
accolade,noun,5.39,2.44,7.78,1.22,
sentimental,adj,4.88,2.3,6.93,1.28,
collect,verb,4.8,2.82,4.16,2.34,
stark,adj,3.52,2.05,4.39,1.46,
contented,adj,4.3,2.52,7.2,1.5,
toilet article,noun,5.05,2.36,6.76,1.48,
resilient,adj,5.53,2.9,7.2,1.97,
have,noun,6.14,2.7,8.03,1.42,
legal instrument,noun,3.5,1.84,5.29,1.08,
issue,noun,5.53,2.8,8.22,1.2,
colourless,adj,4.37,2.14,6.47,1.59,
change of location,noun,6.02,2.58,7.73,1.34,
slit,noun,4.7,2.59,3.98,1.73,
red-faced,adj,5.29,2.04,6.41,1.61,
shrieking,noun,5.36,2.91,3.93,2.22,
humbled,adj,3.74,2.33,5.86,1.42,
inexact,adj,5.15,3.04,8.26,1.31,
berth,noun,4.08,1.92,5.24,1.59,
wish,verb,5.3,2.66,6.68,2.71,
practice,noun,4.66,2.12,5.85,1.53,
financial gain,noun,7.72,2.16,8.38,0.92,
knock,verb,6.47,2.47,2.23,1.72,
imagine,verb,5.14,2.82,7.41,1.9,
female aristocrat,noun,4.76,2.18,6.44,1.43,
pick,noun,4.74,2.23,6.49,1.31,
hurt,verb,6.22,1.91,2.73,1.72,
subject,noun,5.17,2.53,6.71,1.69,
stir,verb,8.02,1.65,8.05,1.48,
badness,noun,5.43,2.85,7.47,1.45,
desolate,verb,4.14,2.3,2.93,1.76,
edulcorate,verb,4.51,2.25,6.73,1.7,
palliate,verb,4.4,3.08,7.3,1.85,
natural endowment,noun,6.27,1.8,7.56,1.25,
aspect,noun,5.04,2.18,6.39,1.6,
humour,noun,5.5,2.91,8.56,0.81,
nasty,adj,4.88,2.29,3.08,2.05,
learn,verb,4.95,2.62,7.53,1.67,
Captain Cook,noun,4.44,1.96,6.16,1.89,
buck,noun,3.89,2.17,5.89,1.55,
in a bad way,adj,6.4,2.38,1.94,1.1,
discard,verb,4.16,2.16,2.67,1.45,
gustatory modality,noun,5.22,2.38,6.66,1.57,
engender,verb,6.13,2.71,8.39,1.15,
brute,noun,5.57,2.61,4.23,2.41,
I,noun,5.5,2.66,6.88,1.93,
troublemaker,noun,6.07,2.61,2.21,1.99,
lineament,noun,3.31,1.98,5.29,1.27,
expatiate,verb,4.1,2.24,5.55,1.58,
Augean,adj,4.88,2.29,3.08,2.05,
flirt,verb,5.11,2.84,7,2.01,
malign,adj,6.39,2.44,3.23,2.64,
extremity,noun,3.78,2.42,5.29,1.42,
drug of abuse,noun,4.83,2.9,3.28,2.16,
powerful,adj,5.47,2.2,6.82,1.63,
harlot,noun,5.85,2.93,2.3,2.11,
stately,adj,4.12,2.29,7.1,1.26,
overcome,verb,6.83,2.38,2.64,2.03,
preparation,noun,5.02,2.24,7.08,1.59,
pasture,verb,4.14,2.11,6.12,1.44,
enliven,verb,5,2.53,6.97,1.91,
select,verb,4.08,2.41,6.2,1.37,
person,noun,6.42,2.83,1.5,0.85,
weaken,verb,4.14,2.3,2.93,1.76,
clean,verb,4.16,2.31,7.33,1.45,
seats,noun,3.86,2.13,5.67,1.26,
mi,noun,4.07,2.15,4.64,1.36,
ethnical,adj,4.98,2.59,6.88,1.82,
cookery,noun,4.39,1.99,6.64,1.48,
taxon,noun,4.8,2.71,7.65,1.55,
clamorous,adj,6.38,1.78,5.02,2.02,
tardily,adv,4.48,2.82,7.1,1.91,
resort,noun,4.3,2.26,4.35,1.23,
redolence,noun,5.46,2.47,7.02,1.84,
potty,adj,6.03,1.88,3.21,1.51,
diseased person,noun,4.21,2.37,5.29,1.89,
degree,noun,4.48,2.12,6.25,1.59,
need,adj,4.49,2.28,6.2,1.85,
projection,noun,3.59,2.4,5.34,1.82,
house of prayer,noun,4.34,2.45,6.28,2.31,
construction,noun,3.62,1.91,5.17,0.85,
shady,adj,6.25,1.59,3.76,1.42,
take in,verb,5.73,2.09,4.33,2.35,
pessimism,noun,5.34,2.58,6.95,2.24,
desirous,adj,5.13,2.44,3.58,2.01,
state,noun,5.95,2.73,7.25,2.05,
sliced,adj,5,2.32,3.64,2.08,
typeface,noun,5.04,2.18,6.39,1.6,
stick out,verb,3.93,2.49,4.82,2.06,
laggard,adj,3.39,2.22,3.93,1.6,
arms,noun,7.15,2.4,2.1,1.19,
experience,verb,7.22,2.13,8.6,0.71,
snake pit,noun,5.38,2.62,2.24,1.62,
tub,noun,4.16,2.31,7.33,1.45,
slow up,verb,3.39,2.22,3.93,1.6,
kinfolk,noun,4.8,2.71,7.65,1.55,
ordnance,noun,7.02,1.84,3.47,2.48,
lie,verb,5.04,2.18,6.39,1.6,
clash,verb,6.95,2.44,2.31,1.44,
coquetry,noun,6.91,1.69,7.52,1.19,
Sir Noel Pierce Coward,noun,4.07,2.19,2.74,1.64,
muted,adj,4.63,2.61,7.12,1.34,
berserk,adj,5.83,2.45,2.85,1.94,
stage,noun,6.14,2.39,6.43,1.98,
avoirdupois,noun,4.57,2.38,3.52,1.99,
pass,verb,5.64,2.99,8.16,1.36,
mellow,adj,2.39,2.13,7,1.77,
hinderance,noun,5,2.83,6.42,2.05,
youngster,noun,5.88,2.38,7.41,1.8,
ritual,noun,5.97,2.85,7.82,1.56,
miffed,adj,5.64,2.48,2.79,2.23,
impost,noun,4.66,2.12,5.85,1.53,
treacherously,adv,3.43,2.09,3.27,1.4,
fictive,adj,3.43,2.09,3.27,1.4,
utilise,verb,4.14,2.3,2.93,1.76,
British capacity unit,noun,3.36,2.28,5.05,1.46,
coal oil,noun,4.34,2.51,4.8,1.59,
viable,adj,5.5,2.74,7.25,2.22,
repugnant,adj,5.04,2.3,4.23,2.3,
strange,adj,5.45,2.15,5.6,1.82,
cliff-hanging,adj,6.53,2.1,3.56,1.36,
pillage,noun,6.81,3.17,1.25,0.91,
vest,verb,4.28,2.53,6.58,1.42,
crown jewels,noun,4.28,2.53,6.58,1.42,
grease one's palms,verb,4.67,2.35,3.32,2.32,
harried,adj,5.94,2.36,2.17,1.21,
unmown,adj,5,2.32,3.64,2.08,
righteous,adj,5.43,2.85,7.47,1.45,
net profit,noun,6.68,1.78,7.63,1.3,
disadvantage,verb,4.12,2.01,3.81,1.42,
knowledge,noun,6.67,1.87,6.54,2.21,
shuttle,noun,3.17,2.23,7.27,1.36,
data processor,noun,4.75,1.93,6.24,1.61,
crush,noun,7.02,1.87,6.73,2.08,
ail,verb,6.5,2.49,2.13,1.81,
criminal,noun,7.47,2.18,1.53,0.96,
written material,noun,4.05,1.96,5.14,1.49,
nontextual matter,noun,4.86,2.88,6.68,2.1,
doomed,adj,5.82,2.62,2.82,1.83,
headless,adj,4.72,2.71,2.31,1.37,
credit,noun,5.31,2.23,5.92,1.57,
get dressed,verb,4.05,1.89,6.41,1.34,
achene,noun,3.7,2.18,5.68,1.62,
direct,adj,5.32,1.92,7.7,1.43,
come down,verb,4.7,2.48,4.09,2.21,
try out,verb,5.22,2.38,6.66,1.57,
flexile,adj,4.57,2.26,5.68,1.49,
low-down,adj,4.71,2.72,3.19,2,
worker,noun,6.76,2.68,2.11,1.56,
create from raw material,verb,4.29,2.48,6.02,1.96,
well-being,noun,5.13,2.35,6.81,1.88,
remorseful,adj,4.69,1.98,5.53,1.86,
tight,adj,6.53,2.1,3.56,1.36,
anxiousness,noun,7.02,2.02,3.12,1.84,
frill,noun,4.17,2.02,4.61,1.63,
journeying,noun,4.36,2.13,5.28,1.44,
famous person,noun,6.2,2.16,5.57,1.99,
saltation,noun,5.67,2.51,7.76,1.51,
bloodless,adj,4.37,2.14,6.47,1.59,
deterrent,noun,3.81,2.27,3.29,1.69,
Father,noun,5.92,2.6,7.08,2.2,
set up,verb,5.14,2.39,6.93,1.3,
creative person,noun,7.59,2.07,8.32,1,
warmonger,noun,4.39,2.29,5.88,1.62,
dog,noun,5.85,2.78,7.56,1.9,
crisis,noun,4.59,2.1,3.83,1.7,
historic period,noun,4.54,3.19,1.85,1.67,
arctic,adj,5.19,2.23,4.02,1.99,
boob,noun,5.37,2.39,6.5,1.78,
burial ground,noun,4.82,2.66,2.63,1.4,
sick of,adj,5.42,2.59,2.45,1.41,
reduced,adj,5,2.32,3.64,2.08,
U. S. Army,noun,5.03,2.03,4.72,1.75,
performer,noun,6,2.2,7.14,1.56,
nonmoving,adj,4.66,2.47,3.66,2.12,
MD,noun,5.86,2.7,5.2,2.54,
conservationist,noun,4.28,2.46,6.18,2.05,
clear,adj,3.89,2.54,7.62,1.41,
gravitation,noun,4.7,2.48,4.09,2.21,
visitation,noun,7.17,2.06,3.22,2.06,
engagement,noun,7.15,2.19,3.76,2.63,
secure,verb,5.47,2.15,6.22,1.59,
piece of ground,noun,4.08,2.41,6.2,1.37,
cubitus,noun,3.81,2.14,5.12,0.92,
in force,adj,5.43,2.85,7.47,1.45,
elbow grease,noun,6.85,2.03,3.03,2.09,
pierce,verb,4.7,2.59,3.98,1.73,
child,noun,5.53,2.8,8.22,1.2,
innocuous,adj,3.86,2.72,7.07,1.9,
knockout,noun,5.5,2.73,8.42,0.83,
pelt,noun,4.02,2.19,6.57,1.92,
heaven,noun,5.12,3.38,8.72,0.6,
rattle off,verb,4.36,2.18,5.03,1.23,
domestic dog,noun,5.11,2.84,7,2.01,
fill out,verb,4.81,2.8,2.28,1.92,
mercy,noun,4.3,2.62,7.82,1.39,
macromolecule,noun,5.64,2.18,6.74,1.73,
promote,verb,3.21,2.57,7.31,1.3,
turn over,verb,5.86,2.4,2,1.18,
entrepot,noun,4.12,2.36,3.21,1.87,
sex,noun,5.74,2.81,8.28,0.92,
daemon,noun,6.76,2.68,2.11,1.56,
move through,verb,5,2.32,3.64,2.08,
raven,verb,4.2,2.42,5.07,1.97,
humiliated,adj,5.43,2.42,3.05,1.92,
Riley B King,noun,5.51,2.77,7.26,1.67,
self-love,noun,4.98,2.31,4.3,1.91,
gook,noun,5.36,2.63,2.68,1.66,
clay,noun,4.02,2.41,4.68,1.97,
meat packer,noun,5.39,2.53,6.46,1.76,
ugliness,noun,4.95,2.57,7.82,1.16,
automatic rifle,noun,5,2.83,6.42,2.05,
trip the light fantastic toe,verb,4.9,2.35,4.31,2.18,
artifact,noun,5.43,2.85,7.47,1.45,
encounter,verb,5.04,2.18,6.39,1.6,
food market,noun,4.12,1.83,5.66,1.02,
intertwine,verb,4.07,2.15,4.64,1.36,
bare,verb,4.12,2.3,6.34,1.56,
waste,noun,5.12,2.32,2.47,1.68,
sadness,noun,4.56,2.97,1.61,1.02,
circle,noun,6.69,2.84,7.86,1.83,
blinking,noun,5.44,2.68,6.93,1.83,
Dean Swift,noun,5.39,2.53,6.46,1.76,
vehement,adj,6.89,2.47,2.29,1.78,
body part,noun,5.52,2.63,5.55,2.37,
second,noun,4.64,2.75,5.31,2.02,
control board,noun,3.36,2.12,4.82,1.23,
morning,noun,5.06,3.05,7.86,1.35,
charge,noun,8.02,1.65,8.05,1.48,
musical group,noun,3.52,2.29,6.02,1.89,
deliverer,noun,5.8,3.01,7.73,1.56,
sound,noun,2.82,2.13,5.58,1.83,
fact,noun,3.24,2.08,5.26,0.86,
fixed,adj,3.14,2.47,7.57,1.76,
perfidious,adj,6.2,2.7,2.05,1.55,
military force,noun,4.1,2.24,5.55,1.58,
broadcasting,noun,4.78,2.82,6.73,1.47,
hymeneals,noun,5.97,2.85,7.82,1.56,
elevation,noun,5.49,2.43,6.59,1.66,
pine,verb,5,2.45,2.46,1.52,
quiesce,verb,2.82,2.13,5.58,1.83,
plus,noun,4.76,2.18,6.95,1.85,
prodigal,adj,4.93,2.4,6.21,2.03,
mass,noun,5.94,2.09,7.33,1.7,
lipoid,noun,4.81,2.8,2.28,1.92,
chomp,noun,4.59,2.1,3.83,1.7,
resign,verb,5.15,3.04,8.26,1.31,
triumph,noun,4.7,2.48,4.09,2.21,
lovingness,noun,3.73,2.4,7.41,1.81,
dotted,adj,5.43,2.42,3.05,1.92,
glean,verb,5,2.32,3.64,2.08,
discipline,adj,4.5,1.91,6.89,1.7,
umber,noun,5.29,2.55,6.88,1.89,
geographical region,noun,4.08,2.41,6.2,1.37,
fantastic,adj,5.5,2.66,6.88,1.93,
roundabout,noun,3.86,2.13,5.67,1.26,
sync,verb,3.98,1.82,5.17,0.79,
Crab,noun,6.42,2.83,1.5,0.85,
part,noun,5,2.32,3.64,2.08,
upset,verb,6.5,2.49,2.13,1.81,
al-Qur'an,noun,4.17,2.49,5.72,1.54,
party,noun,4.98,2.59,6.88,1.82,
despair,verb,5.44,2.47,7.05,1.96,
conciliate,verb,3.21,2.57,7.31,1.3,
lowbred,adj,6.31,2.47,2.5,2.11,
direful,adj,6.33,2.28,2.25,1.18,
dress up,verb,4.05,1.89,6.41,1.34,
residential district,noun,4.08,1.87,5.92,1.34,
freeze off,verb,5.48,2.52,2.84,2.07,
phony,adj,6.07,2.15,3.36,2.16,
bodied,adj,4.05,2.34,5.26,1.29,
ride,verb,4.33,1.78,5.19,1.27,
dishonor,noun,5.9,1.83,7.66,1.24,
smutty,adj,4.93,2.23,2.81,1.52,
sceptical,adj,4.91,1.92,4.52,1.63,
uninteresting,adj,4.93,2.57,4.29,2.3,
generator,noun,3.74,2.13,5.6,1.65,
decision making,noun,4.74,2.23,6.49,1.31,
geological formation,noun,6.25,2.15,4.67,2.08,
dye,noun,4.31,2.2,6.76,1.78,
gossipmonger,noun,4.38,2.24,5.72,2.43,
empower,verb,6.14,2.76,7.77,2.24,
help,verb,4.77,2.23,7.09,1.46,
make,verb,4.44,1.96,6.16,1.89,
get by,verb,5,2.32,3.64,2.08,
tool,noun,4.95,2.01,4.1,1.88,
disdain,verb,6.28,2.43,2.03,1.38,
get back,verb,4.21,2.94,7.91,1.63,
inglorious,adj,4.61,2.24,5.39,1.8,
pious,adj,4,1.6,5.35,1.21,
get to,verb,5.76,2.15,3.11,1.67,
grapheme,noun,5.83,2.44,7.27,1.66,
conservativist,noun,3.18,1.76,4.74,1.02,
inapt,adj,5.18,2.4,4,2.22,
personnel casualty,noun,5.69,2.06,2.49,1.76,
auspicious,adj,5.78,2.09,7.1,1.46,
unrighteousness,noun,5.78,2.21,2.8,1.67,
young,adj,5.64,2.51,6.89,2.12,
light-skinned,adj,4.37,2.14,6.47,1.59,
carelessness,noun,4.83,2.31,2.63,1.64,
astonished,adj,7.47,2.09,7.47,1.56,
favourite,noun,5.1,2.59,6.79,2.32,
cocain,noun,6.83,2.49,2.55,1.78,
ceremonial occasion,noun,4.94,3.21,1.39,0.87,
public press,noun,2.5,1.85,5.2,1.21,
betray,verb,4.14,2.11,6.12,1.44,
impact,verb,5.73,2.09,4.33,2.35,
declination,noun,4.83,2.31,2.63,1.64,
club,noun,3.76,2.06,4.9,1.02,
rejection,noun,5.4,2.7,7.98,1.42,
decollate,verb,6.56,2.54,2.48,2.11,
overconfident,adj,6.22,2.41,7.98,1.29,
disparage,verb,4.16,2.16,2.67,1.45,
install,verb,2.95,1.72,4.95,0.98,
face,verb,5.37,2.39,6.5,1.78,
exclamation,noun,6.07,2.61,2.21,1.99,
wild blue yonder,noun,4.31,2.2,6.76,1.78,
vesicle,noun,4.1,2.34,2.88,1.75,
vigilant,adj,6.85,2.53,6.2,1.76,
abide by,verb,5.9,1.83,7.66,1.24,
large indefinite amount,noun,4.95,2.79,7.12,1.72,
destroy,verb,6.22,1.91,2.73,1.72,
fear,verb,4.49,1.9,6.49,1.7,
sameness,noun,4.95,2.24,6.57,1.99,
drink,noun,3.68,2.57,5.95,2.16,
send out,verb,5.63,2.36,6.88,1.74,
improve,verb,4.77,2.23,7.09,1.46,
vituperative,adj,5.95,2.55,2.82,2.12,
medical practitioner,noun,5.73,2.13,4.02,2.23,
killing,noun,5.73,3.14,1.25,0.69,
land,noun,4.08,2.41,6.2,1.37,
command,verb,5.16,2.25,6.77,1.58,
bounce,verb,4.9,2.35,4.31,2.18,
hurting,noun,6.22,1.91,2.73,1.72,
activity,noun,4.14,2.3,2.93,1.76,
fond,adj,4.88,2.3,6.93,1.28,
chord,verb,3.7,2.18,5.68,1.62,
malignant neoplasm,noun,6.42,2.83,1.5,0.85,
railway locomotive,noun,3.98,2.33,5.2,1.18,
treat,verb,6.22,1.91,2.73,1.72,
seek,verb,7.15,2.19,3.76,2.63,
mix,verb,5,2.32,3.64,2.08,
determine,verb,4.25,2.47,5.55,2.24,
unexciting,adj,3.29,1.89,4.1,1.08,
facet,noun,3.88,1.99,5.33,0.87,
blissfulness,noun,7.38,1.92,7.98,1.52,
empty,adj,4.37,2.14,6.47,1.59,
crony,noun,4.71,2.68,7.11,2.17,
foolish,adj,5.83,2.45,2.85,1.94,
pathos,noun,3.72,2.02,3.37,1.57,
dishonored,adj,4.88,2.27,2.5,1.34,
demon,noun,6.07,2.61,2.21,1.99,
bump,verb,5.38,2.58,6.02,1.77,
malady,noun,5.61,2.67,2.25,1.71,
accent,noun,7.45,2.38,2.09,1.41,
abode,noun,4.21,2.94,7.91,1.63,
animated,adj,5.53,2.9,7.2,1.97,
napped,adj,4.63,2.61,7.12,1.34,
chain armor,noun,5.63,2.36,6.88,1.74,
pedal extremity,noun,3.27,1.98,5.02,0.93,
Hindu calendar month,noun,4.82,2.06,2.86,1.91,
financial obligation,noun,5.68,2.74,2.22,1.17,
trick,noun,6.74,1.84,8.1,1.36,
plume,verb,4.05,1.89,6.41,1.34,
hot seat,noun,3.15,1.77,5.08,0.98,
embed,verb,3.62,2.25,5.98,1.83,
mythical place,noun,5.61,3.2,7.3,2.39,
sorrow,noun,4.2,2.15,4.57,1.7,
fall,verb,5.54,2.37,3.29,1.95,
retentivity,noun,5.42,2.25,6.62,1.5,
fervor,noun,7.17,2.06,3.22,2.06,
playing field,noun,5.53,2.96,7.92,1.2,
devolve,verb,4.7,2.48,4.09,2.21,
flack,noun,7.17,2.06,3.22,2.06,
castrated,adj,5,2.32,3.64,2.08,
physical phenomenon,noun,6.07,2.26,3.38,1.61,
immature,adj,4.28,2.46,6.18,2.05,
juvenile,adj,4.15,1.96,3.39,1.7,
sunshine,noun,6.12,2.45,8.1,1.17,
fierce,adj,6.89,2.47,2.29,1.78,
anaphrodisiac,adj,7.36,1.91,8.02,1.12,
exaltation,noun,7.38,1.92,7.98,1.52,
let on,verb,5.67,2.51,7.76,1.51,
Trygve Halvden Lie,noun,5.96,2.63,2.79,1.92,
unsuccessful,adj,5.09,3,2.34,1.66,
humility,noun,5.83,2.48,7,2.11,
let out,verb,4.97,2.13,5.75,1.38,
clink,noun,5.49,2.67,1.95,1.27,
Fighting Joe Hooker,noun,4.93,2.82,3.34,2.31,
use,verb,6.83,2.7,1.8,1.23,
publisher,noun,2.5,1.85,5.2,1.21,
bother,verb,6.49,2.17,2.74,1.81,
Andrew Dickson White,noun,4.37,2.14,6.47,1.59,
terrorise,verb,7.02,2.02,3.12,1.84,
effulgent,adj,5.39,2.82,6.73,2.17,
instrument,noun,6.03,1.89,3.97,1.92,
ancestor,noun,5.92,2.6,7.08,2.2,
shortening,noun,5,2.32,3.64,2.08,
tire out,verb,3.81,2.29,3.79,2.12,
swag,verb,4.6,2.35,6.02,1.66,
dirt ball,noun,4.98,2.03,2.81,1.92,
recite,verb,4.25,2.47,5.55,2.24,
recognize,verb,5.9,1.83,7.66,1.24,
connexion,noun,5.73,2.09,4.33,2.35,
textile,noun,4.14,1.98,5.3,1.2,
regardful,adj,4.6,2.67,7.22,1.27,
steal,noun,6.07,2.42,7.1,1.97,
fundament,noun,3.27,1.98,5.02,0.93,
customised,adj,4.66,2.12,5.85,1.53,
permit,verb,4.54,1.86,6.46,1.52,
espousal,noun,5.4,2.7,7.98,1.42,
noble metal,noun,5.76,2.79,7.54,1.63,
refined,adj,5.07,2.37,3.12,1.65,
underling,noun,5.24,2.31,6.73,1.7,
personality,noun,4.95,2.24,6.57,1.99,
Book,noun,4.17,2.49,5.72,1.54,
stuff,noun,4.24,2.49,7.15,1.67,
dingy,adj,4.28,2.21,4.71,2.36,
lousy,adj,4.53,2.38,2.26,1.37,
shape,noun,3.95,2.28,5.46,1.75,
heroic,adj,6.15,2.45,7.15,1.64,
delicacy,noun,3.7,2.29,5.66,1.44,
Hellene,noun,5.12,2.27,4.67,2.45,
cause to be perceived,verb,5.85,2.49,1.9,1.26,
glacial,adj,4.75,2.56,3.5,1.85,
happy-go-lucky,adj,4.17,2.84,7.54,1.38,
reclusiveness,noun,4.12,1.83,5.88,1.5,
powerfulness,noun,5.66,2.26,6.97,1.53,
climax,verb,4.28,2.53,6.58,1.42,
care,verb,6.13,2.71,8.39,1.15,
flavourless,adj,3.29,1.89,4.1,1.08,
out,adj,5.73,2.73,1.94,1.76,
belligerent,noun,3.17,1.84,5.33,1.2,
fatigue,verb,3.81,2.29,3.79,2.12,
day of the month,noun,6.68,2.11,7.84,1.92,
sick person,noun,5.39,2.46,3.76,2,
analyse,verb,4.25,2.47,5.55,2.24,
perverted,adj,4.98,2.48,3.5,2.16,
uncouth,adj,4.21,1.84,4.55,1.42,
dally,verb,3.47,2.39,7.17,1.2,
portion,noun,3.24,2.08,5.26,0.86,
rapacity,noun,4.71,2.26,3.51,1.93,
hypovitaminosis,noun,4.71,2.72,3.19,2,
purge,verb,4.29,2.45,1.9,1.14,
bodacious,adj,5.38,2.37,4.35,1.76,
come,verb,4.7,2.48,4.09,2.21,
impoverish,verb,4.91,2.45,3.22,2.02,
appoint,verb,4.25,2.47,5.55,2.24,
Shirley Temple,noun,4.61,2.24,5.39,1.8,
outlander,noun,5.45,2.15,5.6,1.82,
reduction,noun,5,2.32,3.64,2.08,
subject area,noun,4.08,2.41,6.2,1.37,
tract,noun,5.53,2.96,7.92,1.2,
flip,adj,5.38,2.37,4.35,1.76,
inversion,noun,5.86,2.4,2,1.18,
vox populi,noun,4.89,2.46,6.28,1.45,
lambast,verb,4.2,1.93,4,1.8,
gossip,noun,3.76,2.26,4.17,1.77,
sober,adj,3.56,1.95,4.32,1.51,
fledged,adj,4.15,1.96,3.39,1.7,
jewelry,noun,5.38,2.54,7,1.72,
evince,verb,5.52,2.45,2.88,1.64,
Sceloporus occidentalis,noun,5.39,2.53,6.46,1.76,
capacity measure,noun,3.54,2.09,5.1,1.09,
plain stitch,noun,3.52,2.05,4.39,1.46,
significance,noun,4.49,2.28,6.2,1.85,
effervesce,verb,5.26,2.54,6.07,2.03,
enforce,verb,5.15,3.04,8.26,1.31,
rophy,noun,3.86,2.13,5.67,1.26,
vigilance,noun,6.36,2.66,2.51,1.83,
jolly,adj,5.9,2.42,7.9,1.49,
Lester Willis Young,noun,5.64,2.51,6.89,2.12,
forfeited,adj,5.82,2.62,2.82,1.83,
undergarment,noun,3.95,2.09,5.25,1.33,
serendipitous,adj,6.53,2.34,8.17,1.06,
apportion,verb,5.12,2.39,6.95,1.85,
occupied,adj,6.77,2.07,8,1.38,
chronological sequence,noun,3.65,2.35,5.08,2.51,
kitchen range,noun,4.51,2.14,4.98,1.69,
lento,adj,3.39,2.22,3.93,1.6,
preeminence,noun,5.51,2.77,7.26,1.67,
even-textured,adj,4.91,2.57,6.58,1.78,
advance,verb,6.02,2.58,7.73,1.34,
sinuate,adj,4.91,2.57,6.58,1.78,
precious stone,noun,5.53,2.96,7.92,1.2,
exhibit,verb,5.12,2.39,6.95,1.85,
squared,adj,3.18,1.76,4.74,1.02,
empty-headed,adj,5.88,2.38,7.41,1.8,
student,noun,5.12,2.46,7.26,1.42,
gage,verb,5.89,2.37,6.98,1.97,
log Z's,verb,2.8,2.66,7.2,1.77,
computer storage,noun,5.42,2.25,6.62,1.5,
naif,adj,4.21,1.99,6.51,1.34,
prideful,adj,5.04,2.14,3.68,1.9,
parent,noun,5.92,2.6,7.08,2.2,
watch over,verb,4.1,2.12,5.78,1.51,
scornful,adj,5.04,2.14,3.68,1.9,
taste perception,noun,5.22,2.38,6.66,1.57,
statue,noun,6.41,2.09,6.82,1.63,
capable,adj,6.22,2.41,7.98,1.29,
fast,adj,5.16,2.42,7.55,1.9,
present,verb,4.88,2.3,6.93,1.28,
dissimulation,noun,5.68,2.46,2.9,1.63,
she-bop,verb,5.67,2.18,5.45,2.02,
powerlessness,noun,6.67,1.87,6.54,2.21,
narcissistic,adj,5.5,2.62,2.42,1.62,
folk,noun,5.94,2.09,7.33,1.7,
cut back,verb,5,2.32,3.64,2.08,
globe,noun,4.24,2.49,7.15,1.67,
castellated,adj,5.36,2.37,4.39,1.63,
break up,verb,5,2.32,3.64,2.08,
arrive,verb,5.73,2.09,4.33,2.35,
term,noun,4.64,2.75,5.31,2.02,
digit,noun,3.78,2.42,5.29,1.42,
nonmeaningful,adj,4.17,2.02,4.61,1.63,
unable,adj,4.57,2.59,2.81,1.92,
abbreviate,verb,5,2.32,3.64,2.08,
plan of attack,noun,4.12,2.01,5.5,1.37,
fall for,verb,4.7,2.48,4.09,2.21,
hulk,verb,3.95,2.28,5.46,1.75,
take a shit,verb,4,2.14,4.56,1.72,
terrestrial planet,noun,5.32,2.39,6.5,2.03,
defect,noun,6.22,1.91,2.73,1.72,
framing,noun,3.97,2.01,5.91,1.38,
dot,verb,4.14,2.28,5.45,1.63,
automobile,noun,3.82,2.4,5.09,1.67,
hustler,noun,4.93,2.82,3.34,2.31,
happen,verb,4.7,2.48,4.09,2.21,
hard-core,adj,5.16,2.42,7.55,1.9,
anatomical structure,noun,4.36,2.13,5.28,1.44,
squeeze,verb,6.07,2.26,3.38,1.61,
indoctrinate,verb,5,2.53,6.97,1.91,
degenerate,noun,6.26,2.61,2.79,2.12,
cutter,noun,4.88,2.3,6.93,1.28,
step down,verb,4.7,2.48,4.09,2.21,
twinkle,verb,5.44,2.68,6.93,1.83,
loose,adj,5.15,3.04,8.26,1.31,
unequalled,adj,4.83,2.66,2.41,1.77,
firing off,noun,7.02,1.84,3.47,2.48,
slip,noun,4.7,2.48,4.09,2.21,
jovial,adj,5.57,2.8,7.41,1.92,
tempestuous,adj,7.17,2.07,2.85,1.7,
ill-use,verb,6.83,2.7,1.8,1.23,
mantlepiece,noun,3.27,2.23,4.93,1.4,
dispatch,verb,5.73,2.09,4.33,2.35,
leger,noun,4.05,1.96,5.14,1.49,
the Nazarene,noun,5.8,3.01,7.73,1.56,
judgement,noun,4.89,2.46,6.28,1.45,
phantasy,noun,4.53,2.72,6.73,1.75,
immunity,noun,5.52,2.72,7.58,2.04,
push,noun,6.07,2.26,3.38,1.61,
loss,noun,4.7,2.48,4.09,2.21,
hurried,adj,6.57,1.78,6.64,1.61,
sprayer,noun,4.14,2.28,5.45,1.63,
richness,noun,3.93,2.85,7.07,2.14,
arena,noun,5.97,2.59,7.3,1.84,
embryologic,adj,4.15,1.96,3.39,1.7,
hoax,noun,5.75,2.45,2.67,1.66,
frivolousness,noun,7.22,2.01,8.37,1.11,
josh,verb,5.57,2.8,7.41,1.92,
tempt,verb,4,2.14,4.56,1.72,
discreet,adj,3.98,2.24,5.76,1.28,
go away,verb,4.7,2.48,4.09,2.21,
charabanc,noun,3.55,1.8,4.51,1.57,
report,noun,5.74,2.38,3.48,2.33,
spooky,adj,6.59,2.07,3.29,1.47,
response,noun,4.36,2.13,5.28,1.44,
honourable,adj,4.49,2.28,6.2,1.85,
do by,verb,4.84,2.04,6.08,2.08,
castrate,verb,5,2.32,3.64,2.08,
auditory sensation,noun,5.32,3.19,8.13,1.09,
fill up,verb,5.94,2.09,7.33,1.7,
annulment,noun,5.64,2.99,8.16,1.36,
measure,verb,4.64,2.75,5.31,2.02,
true,adj,5.32,1.92,7.7,1.43,
offering,noun,4.88,2.3,6.93,1.28,
shooter,noun,7.02,1.84,3.47,2.48,
happy,adj,5.98,2.54,8.22,1.22,
happening,noun,6.26,2.87,2.05,1.19,
prudent,adj,3.91,2.64,7.52,1.23,
serious,adj,3.56,1.95,4.32,1.51,
barrack,verb,6.12,2.45,8.1,1.17,
relative,noun,4.8,2.71,7.65,1.55,
breathe,verb,5,2.53,6.97,1.91,
instance,noun,4.64,2.75,5.31,2.02,
fake,verb,4.44,1.96,6.16,1.89,
hollow,noun,3.22,2.23,5.22,0.91,
dead body,noun,4.83,2.07,3.34,1.92,
operator,noun,4.95,2.24,6.57,1.99,
in awe of,adj,5.74,2.31,6.7,1.38,
come through,verb,5.73,2.09,4.33,2.35,
rationalise,verb,5,2.32,3.64,2.08,
foppish,adj,4.53,2.65,7.43,1.26,
failure,noun,6.11,2.65,8.29,0.93,
fright,noun,7.21,2.14,2.76,2.25,
raw,adj,4.88,2.3,6.93,1.28,
earth,noun,5.32,2.39,6.5,2.03,
wench,noun,3.17,2.23,7.27,1.36,
vulgarism,noun,5.12,2.32,2.47,1.68,
people,noun,5.32,2.39,6.5,2.03,
wit,noun,7.22,2.01,8.37,1.11,
mischief-making,noun,5.38,2.62,2.24,1.62,
world,noun,4.24,2.49,7.15,1.67,
clean-living,adj,4.49,2.28,6.2,1.85,
snub,verb,5,2.32,3.64,2.08,
alum,noun,7.25,2.25,8.19,1.13,
gratis,adj,5.15,3.04,8.26,1.31,
inexperienced person,noun,3.36,2.18,5.89,1.73,
look for,verb,3.78,2.42,5.29,1.42,
release,verb,5.15,3.04,8.26,1.31,
change owners,verb,4.7,2.48,4.09,2.21,
grouping,noun,5.94,2.09,7.33,1.7,
domicile,noun,4.56,2.41,7.26,1.72,
syntactic category,noun,4.38,2.13,5.73,1.55,
mob,noun,4.8,2.71,7.65,1.55,
foul-smelling,adj,4.93,2.23,2.81,1.52,
hold,verb,4.84,2.04,6.08,2.08,
abridge,verb,4.65,2.13,5.2,1.28,
community,noun,4.08,1.87,5.92,1.34,
meet,verb,5.35,2.76,8,1.55,
superior skill,noun,4.86,2.88,6.68,2.1,
howler,noun,6.39,2.63,2.96,1.93,
spiritual being,noun,5.95,2.84,8.15,1.27,
firmament,noun,3.88,1.99,5.33,0.87,
untrimmed,adj,5,2.32,3.64,2.08,
hard drug,noun,5.11,2.72,4.36,2.73,
common,noun,4.28,2.46,6.18,2.05,
cloth,noun,3.54,2.09,5.1,1.09,
operate,verb,5,2.32,3.64,2.08,
liberal arts,noun,3.93,2.29,5.24,2.01,
disoblige,verb,6.85,2.03,3.03,2.09,
stalk,noun,4.18,2.19,5.09,1.57,
bozo,noun,4.38,2.24,5.72,2.43,
unpaired,adj,4.27,2.46,4.82,2.04,
attitude,noun,5.19,2.39,7.64,1.29,
melanise,verb,4.61,2.24,5.39,1.8,
nonaccomplishment,noun,4.07,1.69,3.43,1.38,
unfold,verb,5.03,2.65,7.26,1.18,
side,noun,4.59,2.31,5.98,1.86,
influence,verb,6.07,2.26,3.38,1.61,
practise,verb,6.84,2.06,7.13,1.58,
inharmonious,adj,5.1,1.95,3.93,1.98,
effort,noun,5.73,2.09,4.33,2.35,
playing,noun,3.85,2.58,5.56,1.76,
beau ideal,noun,5.95,2.73,7.25,2.05,
substance,noun,6.05,2.82,1.98,1.44,
hand-hewn,adj,5,2.32,3.64,2.08,
penitent,adj,5.74,2.32,2.28,1.42,
piquancy,noun,5.59,2.66,6.79,2.04,
pyknic,adj,4.81,2.8,2.28,1.92,
hitting,noun,6.95,2.44,2.31,1.44,
unsocial,adj,4.51,2.68,2.17,1.76,
relief,noun,3.93,2.85,7.07,2.14,
illustration,noun,4.48,2.29,4.05,1.41,
dull,adj,3.39,2.22,3.93,1.6,
intent,noun,5.86,1.81,7,1.34,
independency,noun,5.6,2.65,7.98,1.22,
Calidris canutus,noun,4.07,2.15,4.64,1.36,
susceptible,adj,5.08,2.07,7.16,1.39,
Hades,noun,5.38,2.62,2.24,1.62,
island,noun,5.24,2.31,6.73,1.7,
obstructer,noun,5,2.83,6.42,2.05,
certain,adj,6.22,2.41,7.98,1.29,
self-generated,adj,4.09,2.37,6.59,1.57,
speak,verb,4.57,2.38,3.52,1.99,
Indo-European,noun,4.2,2.4,6.41,1.89,
rack,verb,6.1,2.77,1.56,0.79,
vitiated,adj,4.67,2.35,3.32,2.32,
untrusting,adj,6.25,1.59,3.76,1.42,
loop,noun,4.39,2.08,3.76,1.64,
randy,adj,7.36,1.91,8.02,1.12,
intelligence agent,noun,3.27,1.98,5.02,0.93,
persuade,verb,5.16,2.25,6.77,1.58,
troops,noun,6.44,2.28,2.73,1.5,
seventh heaven,noun,4.41,2.95,6.95,2.24,
animate being,noun,5.64,2.51,6.89,2.12,
malformed,adj,4.07,2.34,2.41,1.66,
block,verb,4.12,2.01,3.81,1.42,
run into,verb,5.73,2.09,4.33,2.35,
copulation,noun,7,2.07,7.36,1.57,
wild,adj,4.14,2.3,2.93,1.76,
sweep through,verb,5.5,2.66,6.88,1.93,
caregiver,noun,4.84,2.04,6.08,2.08,
create,verb,3.82,2.4,5.09,1.67,
attractiveness,noun,5.16,2.25,6.77,1.58,
organic fertiliser,noun,4.17,2.09,3.1,1.74,
important,adj,3.7,2.18,5.68,1.62,
perish,verb,4.7,2.48,4.09,2.21,
railroad car,noun,6.24,2.04,7.73,1.63,
utilize,verb,6.84,2.06,7.13,1.58,
set about,verb,5.04,2.18,6.39,1.6,
concavity,noun,3.47,2.12,5.33,1.33,
plush,adj,4.93,2.4,6.21,2.03,
variety,noun,4.46,2.55,7.59,1.67,
succeeder,noun,6.11,2.65,8.29,0.93,
educatee,noun,5.12,2.46,7.26,1.42,
medicinal drug,noun,4.4,2.36,5.67,2.06,
tone,noun,4.48,2.12,6.25,1.59,
grueling,adj,5.12,2.19,5.22,1.82,
felid,noun,4.38,2.24,5.72,2.43,
White,noun,5.5,2.17,3.37,1.63,
furor,noun,8.17,1.4,2.41,1.86,
indecorum,noun,5.6,2.65,7.98,1.22,
plow,verb,5.62,2.25,7.36,1.38,
clangour,noun,6.95,2.44,2.31,1.44,
fresh,adj,5.43,2.85,7.47,1.45,
slayer,noun,5.73,3.14,1.25,0.69,
chance event,noun,5.36,2.45,6.57,2.04,
wholly,adv,3.82,2.24,5.11,1.78,
attain,verb,5.73,2.09,4.33,2.35,
press,verb,3.76,2.06,4.9,1.02,
suave,adj,3.29,1.89,4.1,1.08,
style,noun,3.91,2.64,7.52,1.23,
piece of land,noun,3.18,1.76,4.74,1.02,
gracious,adj,4.53,2.65,7.43,1.26,
panic-stricken,adj,7.86,2.27,1.72,1.14,
aggregation,noun,5.63,2.36,6.88,1.74,
surgical procedure,noun,6.35,2.32,2.86,2.19,
clothing,noun,4.05,1.89,6.41,1.34,
farm out,verb,3.9,1.95,5.53,1.85,
commove,verb,5.8,2.39,3.66,2,
tranquil,adj,2.82,2.13,5.58,1.83,
jab,verb,4.7,2.59,3.98,1.73,
movement,noun,6.21,2.51,7.1,2,
sandwich,noun,4.55,2.14,6.27,1.5,
safe,adj,3.14,2.47,7.57,1.76,
formal,adj,4.02,2.41,4.68,1.97,
sort,noun,4.73,2.64,7.02,1.57,
discomposed,adj,5.87,2.55,3.03,1.85,
venereal disease,noun,5.69,3.25,1.68,1.23,
trim,adj,3.98,2.22,6.3,1.56,
somesthesia,noun,6.5,2.49,2.13,1.81,
degraded,adj,4.98,2.48,3.5,2.16,
riffraff,noun,4.88,2.36,2.43,1.56,
induce,verb,5,2.53,6.97,1.91,
feature,noun,6.27,2.18,7.63,1.59,
joyousness,noun,7.67,1.91,7.5,2.2,
deaf-mute,noun,4.35,2.25,3.38,1.7,
slice,noun,5,2.32,3.64,2.08,
pertain,verb,5.66,2.26,6.97,1.53,
falsify,verb,6.41,2.94,1.82,1.45,
dauntless,adj,5.6,2.21,6.8,1.61,
cows,noun,3.49,2.13,5.57,1.53,
jolly up,verb,6.12,2.45,8.1,1.17,
demented,adj,4.29,2.45,1.9,1.14,
steady,noun,6.06,2.91,8.11,1.35,
unsure,adj,3.77,2.29,4.64,1.83,
eternal sleep,noun,2.8,2.66,7.2,1.77,
waste product,noun,4.14,2.3,2.93,1.76,
equip,verb,5.12,2.42,5.93,2.1,
religious service,noun,4.34,2.45,6.28,2.31,
swamp,verb,6,2.02,3.19,1.66,
straining,noun,6.1,2.77,1.56,0.79,
automotive vehicle,noun,4.84,2.17,5.47,1.88,
forestall,verb,4.95,2.19,6.45,1.93,
Inferno,noun,5.38,2.62,2.24,1.62,
blackness,noun,4.61,2.24,5.39,1.8,
colour,verb,4.43,2.05,5.61,1.94,
fixed costs,noun,5.66,2.26,6.97,1.53,
consequence,noun,4.95,2.62,7.53,1.67,
carpeting,noun,4.76,2.4,5.67,1.91,
inclose,verb,4.27,2.07,4.75,1.38,
bruise,verb,5.85,2.49,1.9,1.26,
foiled,adj,5.09,3,2.34,1.66,
distasteful,adj,4.93,2.23,2.81,1.52,
stargaze,verb,4.53,2.72,6.73,1.75,
tympani,noun,3.22,2.23,5.22,0.91,
mould,noun,4.2,2.42,5.07,1.97,
tilt,noun,4.52,2.37,5.56,1.38,
beef,verb,5,2.19,3.14,1.56,
be,verb,5.52,2.63,5.55,2.37,
howling,adj,6.23,2.73,8.16,1.12,
scratchy,adj,5.33,2.04,4.74,2,
kin group,noun,4.8,2.71,7.65,1.55,
battler,noun,5.12,2.26,5.51,1.8,
majestic,adj,5.56,3.01,8.03,1.56,
breadbasket,noun,3.93,2.49,4.82,2.06,
Helen Wills,noun,4.18,2.38,3.2,1.58,
feeling,noun,5.56,2.62,7,1.32,
mischance,noun,6.26,2.87,2.05,1.19,
headquarters,noun,5.5,2.66,6.88,1.93,
lily-livered,adj,4.43,2.05,5.61,1.94,
shamed,adj,6.04,2.76,2.63,1.98,
convenience,noun,4.05,2.06,5.1,1.21,
strict,adj,5.26,2.36,3.2,1.74,
question,noun,5.41,2.43,6.63,1.68,
inform,verb,5.39,2.22,7.15,1.49,
plant life,noun,4.68,2.33,3.06,1.75,
puritanical,adj,4.31,2.2,6.76,1.78,
correct,verb,4.64,2.75,5.31,2.02,
usage,noun,6.83,2.7,1.8,1.23,
relieve,verb,4.95,2.19,6.45,1.93,
re-create,verb,5.12,2.39,6.95,1.85,
political entity,noun,4.08,2.19,3.82,1.7,
invasive,adj,5.83,2.33,5.1,1.68,
shadowiness,noun,4.3,2.26,4.35,1.23,
bounteous,adj,5.95,2.73,7.93,1.47,
virginal,adj,5.51,2.06,6.45,1.76,
natural object,noun,5.52,2.63,5.55,2.37,
tradition,noun,3.95,2.11,4.11,1.77,
fondness,noun,6.34,2.25,7.39,1.53,
attempt,noun,3.82,2.24,5.11,1.78,
horrifying,adj,5.38,2.23,2.43,1.27,
holy person,noun,4.83,2.63,7.53,1.58,
employ,verb,4.38,2.29,5.55,1.4,
scandalise,verb,5.56,2.06,2.76,1.5,
physical exertion,noun,6.84,2.06,7.13,1.58,
strong,adj,5.26,2.36,3.2,1.74,
Stygian,adj,4.28,2.21,4.71,2.36,
cloud,noun,4.72,2.33,5.78,2.22,
reverent,adj,4.6,2.67,7.22,1.27,
undischarged,adj,6.24,2.59,7.75,1.75,
regular polygon,noun,3.18,1.76,4.74,1.02,
gesture,verb,4.05,2.59,7.19,1.69,
eutherian,noun,3.49,2.13,5.57,1.53,
blood-red,adj,5.29,2.04,6.41,1.61,
minify,verb,5,2.32,3.64,2.08,
bespeak,verb,4.48,2.29,4.05,1.41,
commode,noun,4,2.14,4.56,1.72,
taste,noun,5.1,1.95,3.93,1.98,
substantial,adj,4.05,2.34,5.26,1.29,
artefact,noun,5.11,2.84,7,2.01,
self-justification,noun,4.48,2.29,4.05,1.41,
government agency,noun,4.08,1.92,5.24,1.59,
cause,noun,6.67,1.87,6.54,2.21,
way,noun,4.56,1.78,5.64,1.34,
linksman,noun,4.93,2.82,3.34,2.31,
homicide,noun,5.71,2.74,2.37,2.06,
do away with,verb,6.57,2.33,1.92,1.48,
CT,noun,4.38,2.24,5.72,2.43,
gratify,verb,5.44,2.88,8.26,1.04,
obliterate,verb,5.28,2.51,4.32,1.91,
reminiscence,noun,5,2.68,6.68,1.84,
disordered,adj,5.86,2.4,2,1.18,
loser,noun,6.21,2.79,2,1.31,
moulder,verb,4.65,2.39,3.2,1.81,
lot,noun,3.86,2.13,5.67,1.26,
tumultuous,adj,5.94,2.36,2.17,1.21,
nonperformance,noun,4.83,2.31,2.63,1.64,
diverting,adj,7.22,2.01,8.37,1.11,
St. Bridget,noun,5.55,2.74,7.34,1.71,
naked,adj,6.41,2.09,6.82,1.63,
vertebrate foot,noun,3.27,1.98,5.02,0.93,
salutation,noun,5.31,2.23,5.92,1.57,
lag,verb,5.49,2.67,1.95,1.27,
dampen,verb,6.03,3.19,1.56,0.96,
develop,verb,4,2.14,4.56,1.72,
insure,verb,3.14,2.47,7.57,1.76,
radio set,noun,4.78,2.82,6.73,1.47,
blackguard,verb,5.83,2.73,3.13,2.24,
John Cash,noun,7.37,2.21,8.37,1,
lovable,adj,5.12,2.71,7.81,1.24,
route,noun,5.16,2.44,5.92,1.72,
jack,noun,4.76,2.4,5.67,1.91,
alleviate,verb,3.93,2.85,7.07,2.14,
shout,verb,6.83,2.7,1.8,1.23,
encouragement,noun,6.44,2.58,8.2,1.15,
Gunter Wilhelm Grass,noun,4.14,2.11,6.12,1.44,
hurtle,verb,6.95,2.44,2.31,1.44,
sign,noun,4.56,2.41,7.26,1.72,
shamefaced,adj,4.88,2.27,2.5,1.34,
interpret,verb,5.12,2.39,6.95,1.85,
boy,noun,4.29,2.69,6.87,1.64,
condole with,verb,3.72,2.02,3.37,1.57,
reprehensible,adj,4.79,2.51,2.93,1.66,
chief,noun,5.92,2.6,7.08,2.2,
horse,noun,3.93,2.56,5.34,1.75,
lowly,adj,3.98,2.24,5.76,1.28,
maternity,noun,6.85,2.03,3.03,2.09,
legislating,noun,4.36,2.13,5.28,1.44,
caring,noun,3.73,2.4,7.41,1.81,
pedagogue,noun,4.05,2.61,5.68,2.12,
pitch,verb,4.27,2.17,7.37,1.4,
cosset,verb,5.53,2.8,8.22,1.2,
separate,verb,4.65,2.39,3.2,1.81,
interest,noun,4.73,2.64,7.02,1.57,
ira,noun,7.63,1.91,2.34,1.32,
smooth over,verb,4.91,2.57,6.58,1.78,
delayed-action,adj,5.62,2.39,3.07,1.74,
goof,verb,5.78,2.21,2.8,1.67,
untoughened,adj,4.63,2.61,7.12,1.34,
lovesick,adj,4.18,2.5,1.57,0.96,
building block,noun,3.7,2.18,5.68,1.62,
disturbed,adj,5.86,2.4,2,1.18,
falsity,noun,5.96,2.63,2.79,1.92,
conniving,adj,5.12,2.19,5.22,1.82,
insult,noun,6.83,2.26,3.52,2.12,
rousing,noun,7.67,1.91,7.5,2.2,
disfunction,noun,4.73,2.83,1.98,1.44,
force,noun,6.39,2.63,2.96,1.93,
milling machinery,noun,3.74,2.13,5.6,1.65,
individual,noun,4.21,1.99,6.51,1.34,
wrong,adj,3.43,2.09,3.27,1.4,
atonality,noun,3.7,2.18,5.68,1.62,
strengthen,verb,3.14,2.47,7.57,1.76,
colouration,noun,4.73,2.64,7.02,1.57,
compartment,noun,3.43,1.85,5.05,0.31,
lightsomeness,noun,4.85,1.8,6.46,1.57,
heat up,verb,5.1,2.3,6.17,1.71,
fix,verb,5.86,2.7,5.2,2.54,
organism,noun,3.62,2.25,5.98,1.83,
misuse,noun,3.95,2.11,4.11,1.77,
fagged,adj,2.64,2.19,3.28,1.43,
deadly,adj,6.4,2.41,2.1,1.48,
heartbeat,noun,5.44,2.68,6.93,1.83,
river,noun,5.29,2.04,6.41,1.61,
health facility,noun,5.98,2.54,5.04,2.45,
jeopardise,verb,5.52,2.45,2.88,1.64,
food product,noun,3.76,2.39,5.29,1.82,
campaign,verb,7.15,2.19,3.76,2.63,
leave of absence,noun,5.6,2.65,7.98,1.22,
geographic area,noun,3.88,1.99,5.33,0.87,
blue-blooded,adj,4.31,2.2,6.76,1.78,
flush it,verb,7.15,2.4,2.1,1.19,
gnawing animal,noun,4.95,2.36,3.02,1.66,
down,adj,4.72,2.95,1.83,1.42,
ne plus ultra,noun,4.53,2.72,6.73,1.75,
item,noun,5.19,2.39,7.64,1.29,
toothsome,adj,5.34,2.51,7.5,1.08,
serenity,noun,2.82,2.13,5.58,1.83,
pyrexia,noun,4.29,2.31,2.76,1.64,
grinning,noun,5.27,2.64,7.4,1.87,
steep,adj,5.6,2.21,6.8,1.61,
prissy,adj,4.38,2.69,6.55,2.44,
poet,noun,5.64,2.51,6.89,2.12,
diversion,noun,7.22,2.01,8.37,1.11,
take hold of,verb,4,2.19,6.04,1.94,
reserved,adj,4.28,2.1,4.9,1.92,
ectomorphic,adj,5.47,2.2,6.82,1.63,
vantage,noun,6.68,1.78,7.63,1.3,
dangerous undertaking,noun,6.98,2.15,7.6,1.5,
infirm,adj,4.1,2.07,3.26,1.47,
dress,noun,3.95,2.11,4.11,1.77,
intrude,verb,6.95,2.44,2.31,1.44,
bitch,noun,5,2.19,3.14,1.56,
render,verb,4.97,2.49,6.61,1.78,
poor man,noun,4.91,2.45,3.22,2.02,
pair,verb,6.39,2.31,7.41,1.97,
repel,verb,6.56,2.34,4.13,1.78,
argufy,verb,6.29,2.56,2.93,2.06,
forgive,verb,5.15,3.04,8.26,1.31,
affective disorder,noun,4.54,3.19,1.85,1.67,
Song,noun,6.07,2.42,7.1,1.97,
lamentable,adj,4.13,2.38,1.61,0.95,
duty period,noun,4.1,2.12,5.78,1.51,
moron,noun,4.21,2.47,3.16,1.91,
sword lily,noun,4.6,2.35,6.02,1.66,
felon,noun,6.89,2.13,2.13,1.69,
visual modality,noun,4.66,2.43,6.62,1.84,
cordial,adj,5.11,2.96,8.43,1.08,
skirt,noun,4.24,2.43,6.09,1.96,
spry,adj,6.57,1.78,6.64,1.61,
dishonourable,adj,4.98,2.48,3.5,2.16,
jest,noun,6.74,1.84,8.1,1.36,
sound off,verb,4.9,2.35,4.31,2.18,
flood out,verb,6,2.02,3.19,1.66,
decrease,verb,4.65,2.13,5.2,1.28,
component part,noun,3.75,2.49,5.59,1.87,
solitary,adj,4.51,2.68,2.17,1.76,
self-assertive,adj,5.83,2.33,5.1,1.68,
lead,verb,3.15,1.77,5.08,0.98,
spitefulness,noun,5.86,2.75,2.69,1.84,
malodourous,adj,5.1,1.95,3.93,1.98,
fearless,adj,6.15,2.45,7.15,1.64,
make love,verb,6.44,3.35,8.72,0.7,
civility,noun,5.19,2.39,7.64,1.29,
veneration,noun,6.96,2.17,2.76,2.12,
form,noun,6.14,2.39,6.43,1.98,
shining,adj,5.4,2.33,7.5,1.55,
serve,verb,5.41,2.43,6.63,1.68,
soiled,adj,4.61,2.24,5.39,1.8,
Indian file,noun,3.62,1.91,5.17,0.85,
build,verb,6.02,2.58,7.73,1.34,
physical process,noun,5.71,2.74,2.37,2.06,
unintegrated,adj,4.37,2.14,6.47,1.59,
solarise,verb,5.04,2.66,7.55,1.85,
miss,noun,5.53,2.8,8.22,1.2,
boozer,noun,5.69,2.36,2.84,2.34,
glowering,adj,5.1,1.95,3.93,1.98,
bird genus,noun,5.97,2.59,7.3,1.84,
alfresco,adv,5.92,2.55,7.47,1.8,
trueness,noun,5,2.77,7.8,1.29,
photoflood,noun,6,2.02,3.19,1.66,
decorate,verb,4.05,1.89,6.41,1.34,
fortified,adj,4.09,2.77,7.29,1.79,
rhythmicity,noun,4.64,2.75,5.31,2.02,
sickness,noun,4.71,2.24,2.48,1.4,
correspond,verb,3.18,1.76,4.74,1.02,
Dominicus,noun,5.04,2.66,7.55,1.85,
spoiling,noun,4.07,1.98,3.55,1.7,
flea-bitten,adj,4.1,1.94,4.28,1.84,
humble,adj,3.98,2.24,5.76,1.28,
pestis,noun,5.62,2.15,3.13,1.82,
imperfection,noun,4.07,1.69,3.43,1.38,
top side,noun,4.28,2.53,6.58,1.42,
juicy,adj,4.31,2.2,6.76,1.78,
move on,verb,6.02,2.58,7.73,1.34,
air mass,noun,4.54,3.19,1.85,1.67,
die,verb,6.03,3.19,1.56,0.96,
ash-blonde,adj,5.07,2.7,6.43,2.04,
potbellied,adj,4.81,2.8,2.28,1.92,
emotion,noun,7.22,2.13,8.6,0.71,
unripened,adj,4.15,1.96,3.39,1.7,
squeezing,noun,4.59,2.1,3.83,1.7,
aliveness,noun,6.02,2.62,7.27,1.88,
accession,noun,3.8,2.29,5.13,1.44,
turned,adj,5.86,2.4,2,1.18,
short,adv,5.73,2.73,1.94,1.76,
merit,noun,4.07,1.69,3.43,1.38,
distress,noun,6.1,2.77,1.56,0.79,
obey,verb,5,2.68,6.68,1.84,
natural,adj,4.09,2.37,6.59,1.57,
colourful,adj,6.38,1.78,5.02,2.02,
contraband,adj,4.61,2.24,5.39,1.8,
informed,adj,3.91,2.64,7.52,1.23,
benign,adj,4.46,2.55,7.59,1.67,
left,adj,4.27,2.46,4.82,2.04,
interact,verb,5.62,2.25,7.36,1.38,
goofy,adj,5.88,2.38,7.41,1.8,
fatness,noun,3.87,2.82,2.73,1.85,
afflict,verb,7.45,2.38,2.09,1.41,
pain,noun,6.06,2.67,2.43,2.17,
account book,noun,4.17,2.49,5.72,1.54,
metallic element,noun,3.76,2.06,4.9,1.02,
transgress,verb,4.7,2.48,4.09,2.21,
bring home the bacon,verb,7.72,2.16,8.38,0.92,
scatter,verb,4.17,2.09,3.1,1.74,
throb,verb,8.02,1.65,8.05,1.48,
outlook,noun,5.44,2.47,7.05,1.96,
spread over,verb,4.14,2.11,6.12,1.44,
foe,noun,5.74,2.57,7.74,1.24,
differentiate,verb,7.36,1.91,8.05,1.53,
get,verb,4.7,2.48,4.09,2.21,
theme,noun,2.5,1.85,5.2,1.21,
riches,noun,6.75,2.3,8.27,0.9,
muddied,adj,4.13,2.13,4.44,2.07,
stimulate,verb,8.02,1.65,8.05,1.48,
occurrent,noun,5.54,2.37,3.29,1.95,
chess piece,noun,3.89,2.17,5.89,1.55,
Christian,noun,5.74,2.57,7.74,1.24,
enlargement,noun,4.8,2.82,4.16,2.34,
tally,verb,5.5,2.66,6.88,1.93,
unmixed,adj,3.52,2.05,4.39,1.46,
pleasant,adj,4.38,2.69,6.55,2.44,
repose,noun,2.95,2.55,7.72,1.75,
emotionality,noun,3.73,2.4,7.41,1.81,
rack up,verb,5.73,2.09,4.33,2.35,
pharos,noun,4.41,2.44,5.89,2.08,
prioress,noun,6.13,2.71,8.39,1.15,
injure,verb,6.1,2.77,1.56,0.79,
bear,verb,3.36,2.18,5.89,1.73,
temperament,noun,6.34,2.25,7.39,1.53,
legislative,noun,4.56,2.41,7.26,1.72,
manifestly,adv,3.52,2.05,4.39,1.46,
act,verb,5.71,2.34,4.95,2.22,
noesis,noun,3.93,2.29,5.24,2.01,
tangled,adj,4.93,2.23,2.81,1.52,
humanity,noun,5.24,2.31,6.73,1.7,
chromatic color,noun,4.28,2.46,6.18,2.05,
gambling game,noun,5.36,2.45,6.57,2.04,
proud,adj,4.12,2.29,7.1,1.26,
clip,verb,4.59,2.1,3.83,1.7,
still,adj,4.91,2.57,6.58,1.78,
makeup,noun,4.1,2.36,5.62,1.72,
spurt,noun,4.14,2.28,5.45,1.63,
tubing,noun,3.36,2.28,5.05,1.46,
imaging,noun,4.53,2.72,6.73,1.75,
clog up,verb,4.93,2.23,2.81,1.52,
socio-economic class,noun,4.12,1.83,5.66,1.02,
courtesy,noun,5.19,2.39,7.64,1.29,
sprightliness,noun,6.02,2.62,7.27,1.88,
holdfast,noun,4.07,2.15,4.64,1.36,
blackleg,verb,4.95,2.36,3.02,1.66,
better-looking,adj,5.95,2.73,7.93,1.47,
zestfulness,noun,5.59,2.66,6.79,2.04,
uneasy,adj,4.48,2.82,7.1,1.91,
click,noun,5.76,2.5,7.57,1.66,
death penalty,noun,5.71,2.74,2.37,2.06,
light source,noun,3.81,2.22,5.24,1.51,
prize,adj,4.48,2.12,6.25,1.59,
potable,noun,5.21,2.46,6.83,1.48,
character,noun,4.9,2.37,6.61,1.59,
intersection,noun,3.91,1.92,4.36,1.21,
lodge in,verb,6.95,2.44,2.31,1.44,
garb,verb,4.05,1.89,6.41,1.34,
antagonistic,adj,6.44,2.28,2.73,1.5,
signaling,noun,4.69,1.99,5.81,1.21,
mold,verb,4.64,2.75,5.31,2.02,
insistency,noun,6.07,2.26,3.38,1.61,
blockade,verb,5,2.83,6.42,2.05,
sphacelate,verb,5.7,2.96,2.28,1.91,
impudent,adj,3.91,2.64,7.52,1.23,
knock down,verb,4.12,2.36,3.21,1.87,
state of affairs,noun,5.7,2.56,2.05,1.34,
discourtesy,noun,4.93,2.34,3.75,2.26,
grisly,adj,4.29,2.45,1.9,1.14,
blooming,adj,6.41,2,2.9,1.98,
get on,verb,4.38,2.29,5.55,1.4,
merry,adj,5.41,2.73,3.55,2.54,
grime,verb,4.88,2.29,3.08,2.05,
big cat,noun,6.2,2.16,5.57,1.99,
misconception,noun,5.18,2.42,2.86,1.79,
kick up,verb,4.9,2.35,4.31,2.18,
embolden,verb,6.12,2.45,8.1,1.17,
deadly sin,noun,5.83,2.48,7,2.11,
concealment,noun,4.12,1.83,5.88,1.5,
small-scale,adj,3.98,2.24,5.76,1.28,
tap,noun,3.71,1.75,5.02,0.93,
Bronx cheer,noun,3.17,2.23,7.27,1.36,
body fluid,noun,3.68,2.57,5.95,2.16,
sport,noun,4.84,2.52,3.91,2.44,
soured,adj,5.1,1.95,3.93,1.98,
obscure,verb,4.3,2.26,4.35,1.23,
period,noun,4.64,2.75,5.31,2.02,
enmity,noun,7.49,2.16,2.08,1.91,
Fish,noun,4,2.19,6.04,1.94,
subject matter,noun,5.52,2.63,5.55,2.37,
brawny,adj,5.92,2.28,7.11,1.48,
rubbish dump,noun,4.12,2.36,3.21,1.87,
lav,noun,3.88,1.72,5.55,1.36,
forbid,verb,5,2.83,6.42,2.05,
hypothetical creature,noun,5.45,2.15,5.6,1.82,
plate,noun,4.21,2.94,7.91,1.63,
refer,verb,4.25,2.47,5.55,2.24,
pleasance,noun,5.44,2.88,8.26,1.04,
quantity,noun,5.51,2.63,6.59,2.01,
attach,verb,3.14,2.47,7.57,1.76,
aware,adj,5.5,2.74,7.25,2.22,
quandary,noun,3.91,1.92,4.36,1.21,
anticyclone,noun,6.36,2.89,3.6,2.38,
blindfold,adj,4.39,2.36,3.05,1.99,
shaft,noun,4.7,2.59,3.98,1.73,
line,noun,4.48,2.29,4.05,1.41,
pureness,noun,5.9,1.83,7.66,1.24,
sailing ship,noun,4.88,2.73,7.25,1.71,
arise,verb,5.96,2.63,2.79,1.92,
solely,adv,4.83,2.66,2.41,1.77,
user,noun,5.66,2.26,2.48,2.08,
seem,verb,5,2.32,3.64,2.08,
facial gesture,noun,5.04,2.18,6.39,1.6,
pip,verb,4.14,2.11,6.12,1.44,
lessen,verb,4.7,2.48,4.09,2.21,
meaninglessness,noun,4.17,2.02,4.61,1.63,
welfare,noun,4.76,2.18,6.95,1.85,
agony,noun,7.26,2.57,8.03,1.27,
esthesis,noun,4.66,2.43,6.62,1.84,
drop,verb,4.83,2.31,2.63,1.64,
slush around,verb,3.73,2.23,4.66,1.88,
liberated,adj,5.15,3.04,8.26,1.31,
modification,noun,4.84,2.52,3.91,2.44,
respectable,adj,5.43,2.85,7.47,1.45,
aurora,noun,4.39,2.81,6.16,2.33,
interloper,noun,5.5,2.4,3.05,2.01,
affect,verb,6.53,2.1,3.56,1.36,
sensational,adj,4.43,2.05,5.61,1.94,
growth,noun,6.51,2.85,2.36,2.04,
partner off,verb,6.39,2.31,7.41,1.97,
return,verb,4.7,2.48,4.09,2.21,
unloose,verb,5.15,3.04,8.26,1.31,
loving,adj,7.59,2.07,8.32,1,
approximation,noun,5.86,1.81,7,1.34,
resistant,adj,6.1,2.51,4.26,2.12,
adulterate,verb,5.86,2.7,5.2,2.54,
murky,adj,4.13,2.13,4.44,2.07,
success,noun,4.09,2.37,6.59,1.57,
land site,noun,4.28,2.46,6.18,2.05,
solid food,noun,4.94,2.04,6.69,1.64,
coronal,noun,4.28,2.53,6.58,1.42,
elation,noun,4.54,3.19,1.85,1.67,
two-year-old,adj,4.15,1.96,3.39,1.7,
awful,adj,6.27,2.44,1.93,1.44,
move,verb,3.41,2.14,5,1.96,
spellbind,verb,5.83,2.73,7.34,1.68,
decline,noun,4.7,2.48,4.09,2.21,
theater of operations,noun,4.08,2.41,6.2,1.37,
status,noun,3.93,2.85,7.07,2.14,
Caucasian,noun,4.37,2.14,6.47,1.59,
belief,noun,4.89,2.46,6.28,1.45,
arthropod genus,noun,6.42,2.83,1.5,0.85,
written document,noun,3.5,1.84,5.29,1.08,
word,noun,5.17,2.11,5.3,1.67,
alcoholic beverage,noun,4.78,2.34,5.95,2.19,
instant,noun,3.83,2.29,5.76,1.65,
tranquilize,verb,2.82,2.13,5.58,1.83,
lift,verb,3.31,1.98,5.29,1.27,
circular function,noun,5.78,2.21,2.8,1.67,
family,noun,7.36,1.91,8.05,1.53,
holding,noun,5.3,2.66,6.68,2.71,
solemn,adj,4,1.87,5.08,1.59,
dodge,noun,3.62,2.25,5.98,1.83,
flag-waving,adj,5.16,2.42,7.55,1.9,
suckle,verb,4.84,2.04,6.08,2.08,
commercial enterprise,noun,4.08,2.41,6.2,1.37,
pretender,noun,5.75,2.45,2.67,1.66,
minor,noun,5.55,2.29,7.08,1.98,
exerciser,noun,3.89,2.17,5.89,1.55,
free fall,noun,4.7,2.48,4.09,2.21,
beast,noun,5.1,2.59,6.79,2.32,
torrent,noun,6,2.02,3.19,1.66,
chicken,adj,6.33,2.28,2.25,1.18,
super acid,noun,4.28,2.46,6.18,2.05,
feed,verb,4.29,2.51,6.46,1.69,
conclusion,noun,6.63,2.84,8.32,1.16,
convolute,verb,6.26,2.61,2.79,2.12,
listing,noun,4.32,2.14,4.89,0.89,
grievous,adj,5.26,2.36,3.2,1.74,
bit,noun,3.83,2.29,5.76,1.65,
division,noun,3.59,2.4,5.34,1.82,
come home,verb,4.39,2.81,6.16,2.33,
begrime,verb,3.98,2.29,3.37,1.34,
agitation,noun,5.86,2.4,2,1.18,
sweetener,noun,5.64,2.18,6.74,1.73,
take,verb,5.15,3.04,8.26,1.31,
fearful,adj,4.11,2.09,3.86,1.55,
consumer durables,noun,4.05,2.06,5.1,1.21,
positive stimulus,noun,7.22,2.13,8.6,0.71,
small-arm,noun,6.35,2.04,4.02,2.76,
subvert,verb,5.85,2.93,2.3,2.11,
physiological condition,noun,2.8,2.66,7.2,1.77,
behave,verb,6.74,1.84,8.1,1.36,
offense,noun,5.83,2.73,3.13,2.24,
container,noun,4.07,1.98,3.55,1.7,
phantasm,noun,4.3,2.26,4.35,1.23,
ending,noun,4.59,3.07,1.61,1.4,
rock-and-roll,noun,4.52,2.37,5.56,1.38,
ribald,adj,4.88,2.29,3.08,2.05,
belly,noun,3.93,2.49,4.82,2.06,
machine,noun,6.24,2.04,7.73,1.63,
shot,noun,5,2.32,3.64,2.08,
consider,verb,4.54,1.86,6.46,1.52,
aluminiferous,adj,3.79,1.96,4.95,1.17,
dirt,noun,4.07,1.98,3.55,1.7,
jail cell,noun,4.88,1.86,5.16,1.87,
wonder,noun,5.66,2.26,6.97,1.53,
love,verb,6.06,2.39,2.17,1.3,
incident,noun,5.03,2.77,1.66,1.34,
unfixed,adj,5.56,2.34,2.36,1.33,
power tool,noun,6.14,2.39,6.43,1.98,
troubled,adj,6.4,2.38,1.94,1.1,
dulcify,verb,5.64,2.18,6.74,1.73,
covert,noun,4.39,2.36,3.05,1.99,
animal tissue,noun,4.81,2.8,2.28,1.92,
taxicab,noun,3.41,2.14,5,1.96,
misconduct,noun,5.69,2.06,2.49,1.76,
salacious,adj,5.04,2.3,4.23,2.3,
produce,verb,5,2.32,3.64,2.08,
penalisation,noun,5.1,2.31,2.83,1.56,
overburdened,adj,5.63,2.07,2.5,1.32,
display,noun,3.36,2.12,4.82,1.23,
rejoice,verb,6.12,2.45,8.1,1.17,
come out,verb,4.7,2.48,4.09,2.21,
waterfall,noun,4.83,2.63,7.53,1.58,
level,noun,4.39,2.33,4.32,1.68,
copper,noun,4.2,2.42,5.07,1.97,
social rank,noun,4.48,2.12,6.25,1.59,
inaccessible,adj,4.51,2.68,2.17,1.76,
dirty,verb,4.93,2.23,2.81,1.52,
stern,adj,5.26,2.36,3.2,1.74,
tweet,verb,4.59,2.1,3.83,1.7,
bloodstained,adj,6.41,2,2.9,1.98,
trump,noun,4.97,2.13,5.75,1.38,
network topology,noun,3.55,1.8,4.51,1.57,
vexer,noun,5.87,2.56,4.84,2.51,
gas pedal,noun,7.02,1.84,3.47,2.48,
utilization,noun,6.84,2.06,7.13,1.58,
fundamental,adj,3.7,2.18,5.68,1.62,
maculate,verb,4.93,2.23,2.81,1.52,
editing,noun,5,2.32,3.64,2.08,
horologe,noun,4.02,2.54,5.14,1.54,
gloaming,noun,4.7,2.48,4.09,2.21,
encumbered,adj,5.63,2.07,2.5,1.32,
toy,noun,4.24,2.43,6.09,1.96,
crisp,adj,4.88,2.3,6.93,1.28,
devil,noun,6.76,2.68,2.11,1.56,
shelter,verb,4.56,2.41,7.26,1.72,
collection,noun,4.8,2.71,7.65,1.55,
goody,noun,5.62,2.25,7.36,1.38,
diluted,adj,5,2.32,3.64,2.08,
interestingness,noun,5.17,2.11,5.3,1.67,
cushy,adj,4.48,2.82,7.1,1.91,
close in,verb,4.27,2.07,4.75,1.38,
workman,noun,5.12,2.26,5.51,1.8,
worldwide,adj,5.32,2.39,6.5,2.03,
idolized,adj,6.38,2.68,8.64,0.71,
strike,noun,5.73,2.09,4.33,2.35,
pane of glass,noun,3.97,2.01,5.91,1.38,
blub,verb,4.57,2.38,3.52,1.99,
excerption,noun,5,2.32,3.64,2.08,
nosegay,noun,5.46,2.47,7.02,1.84,
good,noun,4.52,2.52,6.22,2.06,
nictate,verb,5.44,2.68,6.93,1.83,
transfer,verb,5.63,2.36,6.88,1.74,
household appliance,noun,3.76,2.06,4.9,1.02,
spite,noun,6.08,2.44,2.68,1.81,
suasion,noun,6.03,1.89,3.97,1.92,
soft,adj,4.88,2.3,6.93,1.28,
chat,verb,5.74,2.38,3.48,2.33,
ground,noun,3.76,2.26,4.17,1.77,
timid,adj,6.33,2.28,2.25,1.18,
disrupt,verb,5,2.32,3.64,2.08,
cellphone,noun,4.08,2.19,3.82,1.7,
cosey,noun,3.32,2.28,7.39,1.53,
execution,noun,5.73,2.09,4.33,2.35,
turn out,verb,5,2.32,3.64,2.08,
business establishment,noun,4.08,1.92,5.24,1.59,
street,noun,4.91,2.42,4.48,1.97,
woman,noun,4.84,2.04,6.08,2.08,
barbarian,noun,6.4,1.88,2.71,1.91,
disaster,noun,6.24,2.64,1.78,1.31,
Elia,noun,3.36,2.18,5.89,1.73,
bosom,verb,4.4,2.67,7.72,1.92,
rid of,verb,5.15,3.04,8.26,1.31,
cabbage,noun,5.64,2.18,6.74,1.73,
hint,verb,6.98,2.21,7.61,1.51,
stroke,noun,5,2.32,3.64,2.08,
shite,noun,3.76,2.26,4.17,1.77,
lane,noun,4.91,2.42,4.48,1.97,
skilled workman,noun,4.44,1.96,6.16,1.89,
intrinsic,adj,6.98,2.21,7.61,1.51,
superordinate,noun,5.95,2.84,8.15,1.27,
infamy,noun,6.55,2.46,7.93,1.29,
brokenheartedness,noun,4.78,2.84,1.69,1.04,
tippy,adj,4.88,2.3,6.93,1.28,
nastiness,noun,5.12,2.32,2.47,1.68,
entrant,noun,6.86,2.41,2.77,2.32,
miscarry,verb,4.7,2.48,4.09,2.21,
captive,noun,6.76,2.63,2.2,1.8,
deviltry,noun,5.76,1.95,5.57,2.05,
truelove,noun,5.5,2.73,8.42,0.83,
car,noun,3.55,1.8,4.51,1.57,
comfortable,adj,3.32,2.28,7.39,1.53,
monetary system,noun,4.88,2.3,6.93,1.28,
figurer,noun,4.75,1.93,6.24,1.61,
heat,noun,3.73,2.4,7.41,1.81,
meter reading,noun,4.64,2.75,5.31,2.02,
adjust,verb,7.25,2.25,8.19,1.13,
youth,noun,5.85,2.78,7.56,1.9,
rebuff,noun,5,2.32,3.64,2.08,
assistant,noun,4.88,2.3,6.93,1.28,
threshold,noun,3.8,2.29,5.13,1.44,
venture,noun,7.32,2.07,2.95,2.22,
depressive,adj,4.13,2.38,1.61,0.95,
immortal,noun,5.95,2.84,8.15,1.27,
experienced,adj,6.98,2.21,7.61,1.51,
even,adj,6.14,2.39,6.43,1.98,
recreation,noun,6.1,2.29,6.61,2.08,
hired gun,noun,7.02,1.84,3.47,2.48,
national,adj,4.21,2.94,7.91,1.63,
sunburn,noun,6.22,1.91,2.73,1.72,
morality,noun,4.52,2.52,6.22,2.06,
straightaway,adj,6.57,1.78,6.64,1.61,
undoer,noun,6.4,1.88,2.71,1.91,
friendly,adj,6.98,2.21,7.61,1.51,
well-fixed,adj,4.48,2.82,7.1,1.91,
glaze over,verb,4.27,2.07,4.75,1.38,
making love,noun,6.44,3.35,8.72,0.7,
house,noun,4.21,2.94,7.91,1.63,
broadcast,noun,5.17,2.11,5.3,1.67,
consume,verb,6.22,1.91,2.73,1.72,
standing,noun,5.9,1.83,7.66,1.24,
show,verb,3.78,2.42,5.29,1.42,
sum,noun,5.29,2.04,6.41,1.61,
contest,noun,6.1,2.29,6.61,2.08,
revulsion,noun,7.21,2.14,2.76,2.25,
ill-usage,noun,6.83,2.7,1.8,1.23,
home,noun,4.8,2.71,7.65,1.55,
bolshie,noun,5.29,2.04,6.41,1.61,
impinging,noun,5.73,2.09,4.33,2.35,
room,noun,4.08,2.19,3.82,1.7,
thin out,verb,5,2.32,3.64,2.08,
perspicacious,adj,3.91,2.64,7.52,1.23,
overmodest,adj,3.98,2.24,5.76,1.28,
adjustment,noun,4.71,2.09,6.93,1.47,
scandalize,verb,6.83,2.26,3.52,2.12,
