word,cat,A_M,A_SD,V_M,V_SD
shortsightedness,noun,4.14,2.3,2.93,1.76,
community,noun,5,2.83,6.42,2.05,
assemblage,noun,6.75,2.3,8.27,0.9,
attorney,noun,3.7,2.18,5.68,1.62,
aesthesis,noun,4.66,2.43,6.62,1.84,
alteration,noun,5.57,2.26,3.05,1.65,
unwieldy,adj,5.18,2.4,4,2.22,
spiritual being,noun,5.95,2.84,8.15,1.27,
make full,verb,5.94,2.09,7.33,1.7,
bear upon,verb,5.73,2.09,4.33,2.35,
motorcar,noun,3.82,2.4,5.09,1.67,
cut to,verb,5,2.32,3.64,2.08,
puniness,noun,6.74,1.84,8.1,1.36,
singer,noun,5.51,2.77,7.26,1.67,
pledged,adj,6.77,2.07,8,1.38,
livid,adj,4.37,2.14,6.47,1.59,
colouring material,noun,4.1,2.36,5.62,1.72,
deliver the goods,verb,7.72,2.16,8.38,0.92,
gambol,noun,5.89,2.37,6.98,1.97,
frustrated,adj,5.09,3,2.34,1.66,
esthetical,adj,6.17,2.34,7.6,1.64,
governing body,noun,3.59,2.07,4.61,1.4,
unsnarl,verb,5.87,2.56,4.84,2.51,
heavens,noun,3.88,1.99,5.33,0.87,
antimonial,adj,3.79,1.96,4.95,1.17,
nonaccomplishment,noun,4.83,2.31,2.63,1.64,
foreclose,verb,4.95,2.19,6.45,1.93,
influence,verb,4.64,2.75,5.31,2.02,
choler,noun,8.17,1.4,2.41,1.86,
isolation,noun,4.12,1.83,5.88,1.5,
general,noun,4.93,2.82,3.34,2.31,
trend,verb,5,2.32,3.64,2.08,
cyst,noun,4.1,2.34,2.88,1.75,
workingman,noun,5.12,2.26,5.51,1.8,
effort,noun,3.82,2.24,5.11,1.78,
rumormonger,noun,4.38,2.24,5.72,2.43,
bookable,adj,3.27,2.05,4.88,1.83,
take away,verb,5.15,3.04,8.26,1.31,
rattle down,verb,4.36,2.18,5.03,1.23,
erect,verb,4.7,2.59,3.98,1.73,
substance,noun,5.52,2.63,5.55,2.37,
conception,noun,3.82,2.24,5.11,1.78,
component,noun,3.75,2.49,5.59,1.87,
aid,verb,4.77,2.23,7.09,1.46,
fracture,noun,4.07,1.69,3.43,1.38,
wakeful,adj,6.85,2.53,6.2,1.76,
experient,adj,6.98,2.21,7.61,1.51,
guileless,adj,3.18,1.76,4.74,1.02,
disincentive,noun,5.69,2.45,7,1.72,
write,verb,5,2.32,3.64,2.08,
nettled,adj,5.64,2.48,2.79,2.23,
sandpiper,noun,4.07,2.15,4.64,1.36,
saturnalia,noun,6.39,2.63,2.96,1.93,
teat,noun,5.56,2.55,6.27,1.81,
special K,noun,4.28,2.46,6.18,2.05,
butt,noun,2.95,1.72,4.95,0.98,
misshapen,adj,4.07,2.34,2.41,1.66,
unmannerly,adj,6.31,2.47,2.5,2.11,
hefty,adj,5.92,2.28,7.11,1.48,
fruitful,adj,4.81,2.8,2.28,1.92,
exalt,verb,5,2.53,6.97,1.91,
quietus,noun,2.8,2.66,7.2,1.77,
blabber,noun,4.95,2.36,3.02,1.66,
hokum,noun,4.17,2.02,4.61,1.63,
secern,verb,7.36,1.91,8.05,1.53,
humankind,noun,5.24,2.31,6.73,1.7,
aphotic,adj,4.28,2.21,4.71,2.36,
bump off,verb,5.73,2.09,4.33,2.35,
rationalize,verb,4.48,2.29,4.05,1.41,
jubilation,noun,5.78,2.6,7.8,1.83,
urban center,noun,4.38,2.69,6.55,2.44,
supermolecule,noun,5.64,2.18,6.74,1.73,
ciliate,adj,5.33,2.04,4.74,2,
younker,noun,5.85,2.78,7.56,1.9,
mar,noun,6.22,1.91,2.73,1.72,
spirant,adj,4.63,2.61,7.12,1.34,
sink,verb,4.6,2.35,6.02,1.66,
abstract,verb,4.59,2.1,3.83,1.7,
keepsake,noun,4.54,1.86,6.46,1.52,
satisfy,verb,5.41,2.43,6.63,1.68,
batrachian,noun,4.54,2.03,5.71,1.74,
ply,verb,5.62,2.25,7.36,1.38,
reclaimable,adj,4.26,2.47,7.14,1.6,
modality,noun,5.22,2.38,6.66,1.57,
view,noun,5.86,1.81,7,1.34,
communication,noun,5.63,2.36,6.88,1.74,
wild,adj,7.17,2.07,2.85,1.7,
gag rule,noun,6.56,2.54,2.48,2.11,
extract,noun,5,2.32,3.64,2.08,
battle,noun,7.49,2.16,2.08,1.91,
good person,noun,4.49,1.9,6.49,1.7,
create,verb,6.22,1.91,2.73,1.72,
somaesthesia,noun,6.5,2.49,2.13,1.81,
tired of,adj,5.42,2.59,2.45,1.41,
unsound,adj,5.43,2.42,3.05,1.92,
promised land,noun,5.61,3.2,7.3,2.39,
comment,noun,3.76,2.26,4.17,1.77,
strive,verb,6.85,2.03,3.03,2.09,
jack off,verb,5.67,2.18,5.45,2.02,
railroad car,noun,4.88,2.3,6.93,1.28,
drinkable,noun,3.68,2.57,5.95,2.16,
concavity,noun,4.54,3.19,1.85,1.67,
suck,verb,4.84,2.04,6.08,2.08,
military group,noun,4.1,2.24,5.55,1.58,
invoke,verb,4.05,2.59,7.19,1.69,
pact,noun,2.95,2.55,7.72,1.75,
business,noun,3.92,1.94,5.29,1.15,
assault,verb,6.83,2.26,3.52,2.12,
daimon,noun,6.76,2.68,2.11,1.56,
visual communication,noun,4.86,2.88,6.68,2.1,
accumulate,verb,4.8,2.82,4.16,2.34,
variety,noun,4.56,1.78,5.64,1.34,
burying ground,noun,4.82,2.66,2.63,1.4,
nonstarter,noun,6.21,2.79,2,1.31,
bad luck,noun,4.76,2.55,2.45,1.61,
succeeder,noun,4.09,2.37,6.59,1.57,
institute,verb,3.62,2.25,5.98,1.83,
Imperial capacity unit,noun,3.36,2.28,5.05,1.46,
bedraggled,adj,4.88,2.29,3.08,2.05,
garbled,adj,6.03,1.88,3.21,1.51,
eat,verb,4.2,2.42,5.07,1.97,
resistive,adj,6.1,2.51,4.26,2.12,
magnate,noun,5.51,2.77,7.26,1.67,
undertaking,noun,6.98,2.15,7.6,1.5,
Canis familiaris,noun,5.11,2.84,7,2.01,
entertaining,adj,7.22,2.01,8.37,1.11,
sports stadium,noun,5.97,2.59,7.3,1.84,
timbre,noun,4.73,2.64,7.02,1.57,
wittiness,noun,5.5,2.91,8.56,0.81,
gain,verb,5.73,2.09,4.33,2.35,
unclothed,adj,5.8,2.8,6.34,2.42,
strategy,noun,5.89,2.37,6.98,1.97,
piddle,noun,4.97,2.49,6.61,1.78,
lather,verb,4.38,2.24,5.72,2.43,
courage,noun,6.34,2.25,7.39,1.53,
press,noun,6.07,2.26,3.38,1.61,
figure out,verb,5.41,2.43,6.63,1.68,
ballplayer,noun,5.64,2.51,6.89,2.12,
jaw,verb,6,2.43,7.18,1.97,
piece of land,noun,5.53,2.96,7.92,1.2,
aggregation,noun,4.8,2.71,7.65,1.55,
clothing,noun,4.05,1.89,6.41,1.34,
jubilate,verb,5.78,2.6,7.8,1.83,
puerile,adj,4.15,1.96,3.39,1.7,
computerized axial tomography,noun,4.38,2.24,5.72,2.43,
grad,noun,7.25,2.25,8.19,1.13,
actuality,noun,5,2.77,7.8,1.29,
irrupt,verb,6.95,2.44,2.31,1.44,
sloppiness,noun,4.83,2.31,2.63,1.64,
bookman,noun,5.86,2.7,5.2,2.54,
tranquil,adj,4.91,2.57,6.58,1.78,
panic-struck,adj,7.86,2.27,1.72,1.14,
bust,noun,7.15,2.4,2.1,1.19,
low,adj,5.43,2.42,3.05,1.92,
natural event,noun,5.54,2.37,3.29,1.95,
perturbation,noun,6.85,2.03,3.03,2.09,
primal,adj,3.7,2.18,5.68,1.62,
father,verb,6.13,2.71,8.39,1.15,
movement,noun,6.21,2.51,7.1,2,
suspicion,noun,6.34,2.25,7.39,1.53,
store,noun,5.42,2.25,6.62,1.5,
stink out,verb,4.26,2.1,3,1.79,
shitting,noun,4.12,2.36,3.21,1.87,
eros,noun,6.44,3.35,8.72,0.7,
trim,verb,5,2.32,3.64,2.08,
faithful,adj,5.16,2.42,7.55,1.9,
Egyptologist,noun,5.64,2.51,6.89,2.12,
bloom,noun,4,2.44,6.64,1.78,
harassment,noun,5.87,2.56,4.84,2.51,
wheeled vehicle,noun,6.24,2.04,7.73,1.63,
time period,noun,6.02,2.62,7.27,1.88,
video display,noun,3.36,2.12,4.82,1.23,
concern,noun,5.32,2.39,6.5,2.03,
gustatory perception,noun,5.22,2.38,6.66,1.57,
tout,verb,5.78,2.6,7.8,1.83,
resile,verb,4.9,2.35,4.31,2.18,
packer,noun,5.39,2.53,6.46,1.76,
kindle,verb,7.17,2.06,3.22,2.06,
booster,noun,5.85,3.15,8.44,0.9,
articulate,verb,7.45,2.38,2.09,1.41,
medical man,noun,5.73,2.13,4.02,2.23,
falsify,verb,4.44,1.96,6.16,1.89,
right,adj,4.49,2.28,6.2,1.85,
back up,verb,4.93,2.23,2.81,1.52,
insecure,adj,3.14,2.47,7.57,1.76,
wind,noun,4.37,2.32,6.85,1.71,
tea cosey,noun,3.32,2.28,7.39,1.53,
bald-faced,adj,5.38,2.37,4.35,1.76,
moody,adj,4.28,2.21,4.71,2.36,
put over,verb,2.92,2.16,5.22,0.72,
hate,verb,6.28,2.43,2.03,1.38,
air,noun,3.82,2.24,5.11,1.78,
repulsive,adj,5.04,2.3,4.23,2.3,
sickish,adj,4.29,2.45,1.9,1.14,
infernal region,noun,5.38,2.62,2.24,1.62,
metal,noun,3.76,2.06,4.9,1.02,
indication,noun,4.64,2.75,5.31,2.02,
acquire,verb,6.68,1.78,7.63,1.3,
pay,verb,4.67,2.35,3.32,2.32,
toss out,verb,4.14,2.3,2.93,1.76,
defy,verb,6.15,2.45,7.15,1.64,
pushing,noun,6.07,2.26,3.38,1.61,
confused,adj,4.72,2.71,2.31,1.37,
melancholy,noun,3.83,2.33,1.88,1.23,
miserable,adj,4.71,2.72,3.19,2,
labor,noun,5.53,2.8,8.22,1.2,
demoniac,adj,5.83,2.45,2.85,1.94,
relax,verb,6.53,2.1,3.56,1.36,
reave,verb,6.35,2.04,4.02,2.76,
colour,verb,6.22,1.91,2.73,1.72,
expensiveness,noun,4.75,2.91,7.88,1.49,
rueful,adj,4.69,1.98,5.53,1.86,
intention,noun,5.86,1.81,7,1.34,
inclose,verb,4.27,2.07,4.75,1.38,
bruise,verb,5.56,2.06,2.76,1.5,
injustice,noun,5.47,2.54,7.78,1.35,
foiled,adj,5.61,2.76,2.48,1.64,
soil,verb,4.93,2.23,2.81,1.52,
mould,verb,4.07,1.98,3.55,1.7,
unparalleled,adj,4.83,2.66,2.41,1.77,
surgical process,noun,6.35,2.32,2.86,2.19,
stick,verb,4.07,1.98,3.55,1.7,
ambiance,noun,3.83,2.33,1.88,1.23,
birth,verb,3.36,2.18,5.89,1.73,
loveable,adj,5.12,2.71,7.81,1.24,
fossil oil,noun,5.07,2.37,3.12,1.65,
Yule,noun,6.27,2.56,7.8,1.55,
military action,noun,7.15,2.19,3.76,2.63,
emotionalism,noun,3.73,2.4,7.41,1.81,
unmentionable,noun,3.95,2.09,5.25,1.33,
feeling,noun,5.5,2.91,8.56,0.81,
critical,adj,5.95,2.55,2.82,2.12,
have,verb,5.9,1.83,7.66,1.24,
let loose,verb,4.97,2.13,5.75,1.38,
category,noun,4.46,2.55,7.59,1.67,
mismatched,adj,4.27,2.46,4.82,2.04,
pass off,verb,4.7,2.48,4.09,2.21,
issue,verb,5.15,3.04,8.26,1.31,
recovery,noun,6.53,2.56,7.7,1.24,
unaged,adj,4.15,1.96,3.39,1.7,
iniquitous,adj,6.09,2.44,2.96,2.37,
Lucifer,noun,6.07,2.61,2.21,1.99,
imbed,verb,3.62,2.25,5.98,1.83,
defense,noun,4.48,2.29,4.05,1.41,
shrieking,noun,7.04,1.96,3.88,2.07,
undemonstrative,adj,3.27,2.05,4.88,1.83,
inclemency,noun,3.46,1.92,3.65,1.61,
nonachievement,noun,4.07,1.69,3.43,1.38,
offend,verb,5.78,2.21,2.8,1.67,
disconsolate,adj,4.28,2.21,4.71,2.36,
run-down,adj,4.1,1.94,4.28,1.84,
non-white,adj,4.28,2.21,4.71,2.36,
pretended,adj,3.43,2.09,3.27,1.4,
berth,noun,3.15,1.77,5.08,0.98,
house of God,noun,4.34,2.45,6.28,2.31,
natural spring,noun,5.67,2.51,7.76,1.51,
imagine,verb,4.53,2.72,6.73,1.75,
regulate,verb,4.07,1.98,3.55,1.7,
correct,verb,4.71,2.09,6.93,1.47,
military vehicle,noun,4.88,1.86,5.16,1.87,
moneyed,adj,5.8,2.73,7.7,1.34,
usage,noun,3.95,2.11,4.11,1.77,
social group,noun,3.86,2.13,5.67,1.26,
nowadays,noun,3.83,2.29,5.76,1.65,
collide with,verb,5.73,2.09,4.33,2.35,
hurt,noun,6.1,2.77,1.56,0.79,
dipteron,noun,4.78,2.72,2.8,1.91,
subject,adj,4.5,1.91,6.89,1.7,
unbendable,adj,4.02,2.41,4.68,1.97,
consortium,noun,5.3,2.66,6.68,2.71,
tit,noun,5.37,2.39,6.5,1.78,
gadfly,noun,5.62,2.15,3.13,1.82,
grade,noun,4.48,2.12,6.25,1.59,
hardcore,adj,5.16,2.42,7.55,1.9,
edulcorate,verb,5.64,2.18,6.74,1.73,
discomfort,noun,3.93,2.85,7.07,2.14,
palliate,verb,3.93,2.85,7.07,2.14,
ramification,noun,3.96,1.94,5.29,0.97,
unloosen,verb,5.15,3.04,8.26,1.31,
fondness,noun,5.19,2.39,7.64,1.29,
lad,noun,5.76,2.5,7.57,1.66,
set forth,verb,3.82,2.24,5.11,1.78,
kick in,verb,4.9,2.35,4.31,2.18,
attempt,verb,7.15,2.19,3.76,2.63,
quickly,adv,4.48,2.82,7.1,1.91,
coercive,adj,5.83,2.69,6.84,1.8,
humour,noun,5.5,2.91,8.56,0.81,
lawmaking,noun,4.36,2.13,5.28,1.44,
atomic number 6,noun,5.53,2.96,7.92,1.2,
cite,verb,4.25,2.47,5.55,2.24,
mother,verb,5.92,2.6,7.08,2.2,
pure,adj,3.52,2.05,4.39,1.46,
nasty,adj,4.38,2.69,6.55,2.44,
scandalise,verb,6.83,2.26,3.52,2.12,
learn,verb,6.84,2.06,7.13,1.58,
manse,noun,5.1,2.75,7.19,1.78,
knock over,verb,5.86,2.4,2,1.18,
piece of writing,noun,4.05,1.96,5.14,1.49,
cloud,verb,4.67,2.35,3.32,2.32,
brute,noun,5.1,2.59,6.79,2.32,
fling,verb,4.27,2.17,7.37,1.4,
maddened,adj,7.97,2.17,2.46,1.65,
bespeak,verb,4.17,2.49,5.72,1.54,
jeopardize,verb,6.98,2.15,7.6,1.5,
infliction,noun,6.5,2.49,2.13,1.81,
faeces,noun,4,2.14,4.56,1.72,
competition,noun,6.1,2.29,6.61,2.08,
extremity,noun,4.4,2.07,5.95,1.38,
dent,noun,4.7,2.59,3.98,1.73,
substantial,adj,3.18,1.76,4.74,1.02,
caper,noun,6.74,1.84,8.1,1.36,
pillaging,noun,6.81,3.17,1.25,0.91,
rush,noun,8.02,1.65,8.05,1.48,
artefact,noun,5.43,2.85,7.47,1.45,
conjugation,noun,3.68,1.99,5.16,1.57,
way,noun,3.91,2.64,7.52,1.23,
distinguished,adj,4.12,2.29,7.1,1.26,
mortal,noun,4.19,2.45,6.32,1.74,
tremble,verb,8.02,1.65,8.05,1.48,
scheming,adj,5.12,2.19,5.22,1.82,
preparation,noun,4.39,1.99,6.64,1.48,
best-loved,adj,5.1,2.59,6.79,2.32,
disembark,verb,4.38,2.29,5.55,1.4,
unpaid,adj,6.24,2.59,7.75,1.75,
select,adj,4.48,2.12,6.25,1.59,
person,noun,6.11,2.65,8.29,0.93,
diplomat,noun,5.96,2.63,2.79,1.92,
enjoyment,noun,5.59,2.66,6.79,2.04,
jingoistic,adj,5.16,2.42,7.55,1.9,
deciding,noun,4.74,2.23,6.49,1.31,
acme,noun,4.28,2.53,6.58,1.42,
fulfill,verb,5.41,2.43,6.63,1.68,
sagacious,adj,3.91,2.64,7.52,1.23,
commit,verb,5.3,2.66,6.68,2.71,
dreamless,adj,3.89,2.54,7.62,1.41,
develop,verb,5.03,2.65,7.26,1.18,
playfulness,noun,5.5,2.91,8.56,0.81,
diseased person,noun,5.39,2.46,3.76,2,
wary,adj,6.25,1.59,3.76,1.42,
blackguard,verb,5.87,2.56,4.84,2.51,
raiment,verb,4.05,1.89,6.41,1.34,
become,verb,5.67,2.51,7.76,1.51,
unrestrained,adj,6.76,2.26,2.44,1.72,
lucre,noun,6.68,1.78,7.63,1.3,
illegitimate,noun,6.07,2.15,3.36,2.16,
spouse,noun,4.93,2.22,6.33,1.97,
gloomy,adj,4.13,2.38,1.61,0.95,
shout,verb,5.36,2.91,3.93,2.22,
inept,adj,5.18,2.4,4,2.22,
sticker,noun,5.14,2.14,3.64,1.76,
blasphemous,adj,4.88,2.29,3.08,2.05,
sign,noun,4.69,1.99,5.81,1.21,
keep an eye on,verb,4.1,2.12,5.78,1.51,
discrimination,noun,5.22,2.38,6.66,1.57,
take in,verb,5.69,2.51,7.47,1.73,
throw out,verb,5,2.83,6.42,2.05,
avaritia,noun,4.71,2.26,3.51,1.93,
psychological disorder,adj,5.13,2.76,4.45,2.23,
job,noun,5.89,2.37,6.98,1.97,
create from raw stuff,verb,4.29,2.48,6.02,1.96,
sepulture,noun,5.08,2.4,2.05,1.41,
clustering,noun,4.07,2.15,4.64,1.36,
furore,noun,8.17,1.4,2.41,1.86,
experience,verb,5.83,2.48,7,2.11,
criticize,verb,6.47,2.47,2.23,1.72,
crossroad,noun,3.91,1.92,4.36,1.21,
appearance,noun,4.73,2.64,7.02,1.57,
admittance,noun,3.8,2.29,5.13,1.44,
kinfolk,noun,5.94,2.09,7.33,1.7,
change of integrity,noun,5.57,2.26,3.05,1.65,
ordnance,noun,4.71,2.84,4.9,2.2,
devilry,noun,5.76,1.95,5.57,2.05,
take chances,verb,5.38,2.58,6.02,1.77,
mental imagery,noun,4.66,2.43,6.62,1.84,
separate,adj,4.26,2.57,3.86,1.88,
type,noun,5.04,2.18,6.39,1.6,
interest,verb,5.83,2.73,7.34,1.68,
fairy,noun,4.76,2.18,6.44,1.43,
embracing,noun,5.35,2.76,8,1.55,
pass,verb,4.7,2.48,4.09,2.21,
churn up,verb,6.56,2.34,4.13,1.78,
wealth,noun,4.75,2.91,7.88,1.49,
unmoving,adj,4.66,2.47,3.66,2.12,
fortunate,adj,6.53,2.34,8.17,1.06,
ingredient,noun,4.37,2.14,6.47,1.59,
intoxicant,noun,4.78,2.34,5.95,2.19,
meddler,noun,4.84,2.41,5.17,2.02,
invest,verb,6.14,2.76,7.77,2.24,
dreadful,adj,6.27,2.44,1.93,1.44,
patent,adj,3.52,2.05,4.39,1.46,
pal,noun,4.71,2.68,7.11,2.17,
entrance,noun,3.8,2.29,5.13,1.44,
falsity,noun,5.68,2.46,2.9,1.63,
thought process,adj,4.84,2.57,6,2.21,
utilise,verb,6.84,2.06,7.13,1.58,
frigidness,noun,5.19,2.23,4.02,1.99,
fighter,noun,3.17,1.84,5.33,1.2,
manual laborer,noun,4.4,2.07,5.95,1.38,
wearable,noun,4.78,2.88,6.54,1.85,
base,noun,4.21,2.94,7.91,1.63,
force,verb,6.07,2.26,3.38,1.61,
falsification,noun,5.68,2.46,2.9,1.63,
liven,verb,5.56,2.62,7,1.32,
individual,noun,6.42,2.83,1.5,0.85,
unornamented,adj,3.52,2.05,4.39,1.46,
shake,verb,8.02,1.65,8.05,1.48,
enraged,adj,7.17,2.07,2.85,1.7,
brace,noun,6.39,2.31,7.41,1.97,
unfortunate,noun,4.95,2.81,1.7,1.07,
cooking stove,noun,4.51,2.14,4.98,1.69,
VD,noun,5.69,3.25,1.68,1.23,
disadvantage,verb,4.76,2.18,6.95,1.85,
Brigid,noun,5.55,2.74,7.34,1.71,
dirty word,noun,5.12,2.32,2.47,1.68,
sum of money,noun,5.29,2.04,6.41,1.61,
remaining,adj,4.27,2.46,4.82,2.04,
clams,noun,5.64,2.18,6.74,1.73,
underbred,adj,6.31,2.47,2.5,2.11,
fix,verb,4.25,2.47,5.55,2.24,
roughshod,adj,5.68,2.65,1.97,1.67,
organism,noun,4.84,2.52,3.91,2.44,
wind up,verb,7.36,1.91,8.05,1.53,
honorific,adj,4.6,2.67,7.22,1.27,
skilled,adj,5.2,2.85,7.09,1.78,
recreant,noun,5.5,2.55,2.45,1.8,
dalliance,noun,6.91,1.69,7.52,1.19,
off the hook,adj,3.86,2.72,7.07,1.9,
aghast,adj,6.67,2.54,2,1.28,
plushy,adj,4.93,2.4,6.21,2.03,
come down,verb,6.95,2.44,2.31,1.44,
obnubilate,verb,4.13,2.13,4.44,2.07,
changeling,noun,4.21,2.47,3.16,1.91,
knock off,verb,4.14,2.3,2.93,1.76,
abase,verb,3.74,2.33,5.86,1.42,
nuzzle,verb,4.4,2.67,7.72,1.92,
blue-blooded,adj,3.21,2.57,7.31,1.3,
lie in,verb,5.96,2.63,2.79,1.92,
sentry,noun,4.1,2.12,5.78,1.51,
odourise,verb,5.05,2.36,6.76,1.48,
worker,noun,4.95,2.36,3.02,1.66,
somatesthesia,noun,6.07,2.26,3.38,1.61,
serenity,noun,2.95,2.55,7.72,1.75,
ire,noun,6.83,2.26,3.52,2.12,
tight,adj,6.53,2.1,3.56,1.36,
rat,verb,7.24,2.06,1.68,1.02,
wannabee,noun,5.78,2.09,7.1,1.46,
gratuitous,adj,5.15,3.04,8.26,1.31,
diffident,adj,3.27,2.05,4.88,1.83,
social control,noun,5.1,2.31,2.83,1.56,
causa,noun,4.93,2.44,3.37,2,
succession,noun,3.65,2.35,5.08,2.51,
fashion,noun,4.56,1.78,5.64,1.34,
graphic symbol,noun,5.83,2.44,7.27,1.66,
slacken,verb,3.39,2.22,3.93,1.6,
cart,noun,4.84,2.17,5.47,1.88,
racket,verb,6.39,2.63,2.96,1.93,
jape,noun,6.74,1.84,8.1,1.36,
French person,noun,4.54,2.03,5.71,1.74,
redaction,noun,5,2.32,3.64,2.08,
attribute,noun,6.12,2.45,8.1,1.17,
flavor,verb,5.59,2.66,6.79,2.04,
render,verb,4.27,2.07,4.75,1.38,
intellect,noun,5,2.68,6.68,1.84,
frosty,adj,5.19,2.23,4.02,1.99,
pair,noun,6.39,2.31,7.41,1.97,
thoughtful,adj,5.82,2.62,2.82,1.83,
ho-hum,adj,3.39,2.22,3.93,1.6,
gynaecologist,noun,4.52,2.37,5.56,1.38,
cut up,adj,5,2.32,3.64,2.08,
single,noun,5.5,2.66,6.88,1.93,
indoors,adv,5.92,2.55,7.47,1.8,
religious belief,adj,4.84,2.57,6,2.21,
death,noun,5.7,2.96,2.28,1.91,
influential person,noun,4.25,2.47,5.55,2.24,
plain,adj,5.26,2.36,3.2,1.74,
stamp down,verb,5.44,2.68,6.93,1.83,
order of payment,noun,5.4,2.7,7.98,1.42,
loved one,noun,6.44,3.35,8.72,0.7,
ravisher,noun,4.95,2.57,7.82,1.16,
encourage,verb,6.12,2.45,8.1,1.17,
support,noun,5.76,2.5,7.57,1.66,
weak,adj,4.88,2.3,6.93,1.28,
traveling,noun,4.12,2.3,6.34,1.56,
groundwork,noun,3.27,1.98,5.02,0.93,
underhand,adj,4.67,2.35,3.32,2.32,
calculation,noun,5.86,1.81,7,1.34,
felon,noun,7.47,2.18,1.53,0.96,
junction,noun,3.86,2.13,5.67,1.26,
batch,noun,6,2.02,3.19,1.66,
clear,adj,4.21,1.99,6.51,1.34,
theologist,noun,4.93,2.82,3.34,2.31,
skirt,noun,3.17,2.23,7.27,1.36,
commendation,noun,5.8,2.79,7.5,1.5,
vicious,adj,4.79,2.51,2.93,1.66,
genuine,adj,5.32,1.92,7.7,1.43,
mite,noun,4.59,2.1,3.83,1.7,
too-generous,adj,4.93,2.4,6.21,2.03,
drubbing,noun,6.77,2.42,1.64,1.18,
smuggled,adj,4.61,2.24,5.39,1.8,
material possession,noun,5.3,2.66,6.68,2.71,
loathly,adj,4.93,2.23,2.81,1.52,
potency,noun,5.38,2.58,6.02,1.77,
round,verb,3.86,2.13,5.67,1.26,
engagement,noun,7.51,2.28,2.03,1.55,
operative,noun,3.27,1.98,5.02,0.93,
decrease,noun,4.7,2.48,4.09,2.21,
secure,verb,3.8,2.18,5.22,1.13,
ball,noun,3.76,2.39,5.29,1.82,
screech,noun,5.36,2.91,3.93,2.22,
piece of ground,noun,3.18,1.76,4.74,1.02,
unsexed,adj,5,2.32,3.64,2.08,
gabfest,noun,5.74,2.38,3.48,2.33,
mistreatment,noun,6.83,2.7,1.8,1.23,
component part,noun,3.24,2.08,5.26,0.86,
duty,noun,4.08,1.92,5.24,1.59,
crashing,adj,6.41,2,2.9,1.98,
prohibit,verb,5,2.83,6.42,2.05,
timpani,noun,3.22,2.23,5.22,0.91,
lead,noun,4.95,2.14,6.12,1.86,
domestic dog,noun,5.85,2.78,7.56,1.9,
spitefulness,noun,6.08,2.44,2.68,1.81,
writer,noun,4.14,2.11,6.12,1.44,
straighten,verb,3.98,2.22,6.3,1.56,
fearless,adj,5.6,2.21,6.8,1.61,
make love,verb,3.61,2.56,7.51,1.38,
form,noun,3.95,2.28,5.46,1.75,
foot,noun,3.61,2.56,7.51,1.38,
careless,adj,4.07,2.18,4.02,1.41,
turn over,verb,4.4,2.07,5.95,1.38,
butchery,noun,5.33,2.63,2.28,1.74,
unconfident,adj,3.77,2.29,4.64,1.83,
catch some Z's,verb,2.8,2.66,7.2,1.77,
soiled,adj,4.93,2.23,2.81,1.52,
collar,noun,4.59,2.1,3.83,1.7,
humiliated,adj,3.74,2.33,5.86,1.42,
turn up,verb,4.59,2.1,3.83,1.7,
miss,verb,4.83,2.31,2.63,1.64,
say,verb,5.12,2.39,6.95,1.85,
disco biscuit,noun,7.38,1.92,7.98,1.52,
mansion,noun,4.56,2.41,7.26,1.72,
betrayer,noun,5.78,2.47,2.22,1.69,
animal communication,noun,6.07,2.42,7.1,1.97,
sorrowfulness,noun,4.2,2.15,4.57,1.7,
manoeuver,verb,3.42,2.21,6.32,1.56,
Sun,noun,5.04,2.66,7.55,1.85,
quiver,noun,8.02,1.65,8.05,1.48,
artifact,noun,4.14,1.98,5.3,1.2,
gallant,adj,6.15,2.45,7.15,1.64,
lowborn,adj,3.74,2.33,5.86,1.42,
genial,adj,5.11,2.96,8.43,1.08,
taproom,noun,5,2.83,6.42,2.05,
coitus,noun,7,2.07,7.36,1.57,
goon,noun,4.8,2.82,4.16,2.34,
unassailable,adj,3.14,2.47,7.57,1.76,
won,adj,5.82,2.62,2.82,1.83,
track down,verb,4.39,2.29,5.88,1.62,
notion,noun,4.89,2.46,6.28,1.45,
encounter,verb,5.38,2.58,6.02,1.77,
imperfection,noun,5.95,2.73,7.25,2.05,
top side,noun,4.28,2.53,6.58,1.42,
puddingheaded,adj,6.03,1.88,3.21,1.51,
striking,noun,5.73,2.09,4.33,2.35,
gadget,noun,4.05,2.06,5.1,1.21,
move on,verb,6.21,2.51,7.1,2,
trespass,verb,4.7,2.48,4.09,2.21,
waste,noun,5.04,2.5,2.98,1.96,
savour,verb,5.22,2.38,6.66,1.57,
quat,noun,4.38,2.24,5.72,2.43,
smart,verb,6.22,1.91,2.73,1.72,
poop,noun,3.76,2.26,4.17,1.77,
altercate,verb,6.29,2.56,2.93,2.06,
defend,verb,7.15,2.19,3.76,2.63,
emotion,noun,6.96,2.17,2.76,2.12,
languish,verb,5,2.45,2.46,1.52,
body part,noun,3.93,2.49,4.82,2.06,
flower arrangement,noun,5.46,2.47,7.02,1.84,
jewellery,noun,5.38,2.54,7,1.72,
sick,verb,5.75,2.84,2.06,1.57,
charge,verb,4.25,2.47,5.55,2.24,
helper,noun,4.88,2.3,6.93,1.28,
create by mental act,verb,5.98,2.14,7.32,1.52,
sound,adj,3.14,2.47,7.57,1.76,
minx,noun,6.91,1.69,7.52,1.19,
natural,adj,4.09,2.37,6.59,1.57,
field,noun,3.88,1.99,5.33,0.87,
stymie,verb,4.12,2.01,3.81,1.42,
colourful,adj,6.15,2.45,7.15,1.64,
feverishness,noun,4.29,2.31,2.76,1.64,
outside,noun,5.92,2.55,7.47,1.8,
DoJ,noun,5.47,2.54,7.78,1.35,
aftermath,noun,4.95,2.62,7.53,1.67,
protection,noun,4.39,2.36,3.05,1.99,
shore,noun,4.59,2.31,5.98,1.86,
kine,noun,3.49,2.13,5.57,1.53,
instruct,verb,4.95,2.62,7.53,1.67,
sleep with,verb,6.44,3.35,8.72,0.7,
domestic,adj,4.21,2.94,7.91,1.63,
resign,verb,4.7,2.48,4.09,2.21,
triumph,verb,6.02,2.71,7.55,1.68,
untruth,noun,5.96,2.63,2.79,1.92,
pain,verb,6.1,2.77,1.56,0.79,
account book,noun,4.05,1.96,5.14,1.49,
transgress,verb,5.78,2.21,2.8,1.67,
twine,verb,4.07,2.15,4.64,1.36,
shiny,adj,5.4,2.33,7.5,1.55,
bring home the bacon,verb,5.73,2.09,4.33,2.35,
geographical region,noun,3.88,1.99,5.33,0.87,
forte,adj,4.63,2.61,7.12,1.34,
spread over,verb,6.57,2.33,1.92,1.48,
model,noun,4.95,2.57,7.82,1.16,
deluxe,adj,4.53,2.65,7.43,1.26,
spirt,noun,4.14,2.28,5.45,1.63,
viscus,noun,6.34,2.25,7.39,1.53,
pessimistic,adj,4.53,2.11,3,2.16,
part,verb,5,2.32,3.64,2.08,
crevice,noun,6.33,2.21,4.84,2.14,
get,verb,5,2.32,3.64,2.08,
twin,verb,6.39,2.31,7.41,1.97,
billet,noun,4.48,2.29,4.05,1.41,
Sus scrofa,noun,4.2,2.42,5.07,1.97,
waster,noun,6.4,1.88,2.71,1.91,
endomorphic,adj,5.47,2.2,6.82,1.63,
stimulate,verb,5,2.53,6.97,1.91,
occurrent,noun,6.95,2.44,2.31,1.44,
installation,noun,4.97,2.49,6.61,1.78,
wishful,adj,5.13,2.44,3.58,2.01,
plug-in,noun,3.36,2.12,4.82,1.23,
full of life,adj,5.5,2.74,7.25,2.22,
crenelated,adj,5.36,2.37,4.39,1.63,
nonindulgent,adj,4.31,2.2,6.76,1.78,
dress up,verb,4.05,1.89,6.41,1.34,
rock and roll,noun,4.52,2.37,5.56,1.38,
raptus,noun,7.38,1.92,7.98,1.52,
roughen,verb,4.91,2.57,6.58,1.78,
hiss,noun,3.17,2.23,7.27,1.36,
suspect,adj,6.25,1.59,3.76,1.42,
emotionality,noun,3.73,2.4,7.41,1.81,
recitation,noun,6.84,2.06,7.13,1.58,
rack up,verb,5.5,2.66,6.88,1.93,
dishonor,noun,5.9,1.83,7.66,1.24,
apply,verb,4.14,2.3,2.93,1.76,
injure,verb,3.81,2.27,3.29,1.69,
bear,verb,3.93,2.49,4.82,2.06,
Indo-European language,noun,4.2,2.4,6.41,1.89,
moralistic,adj,4.49,2.28,6.2,1.85,
tranquillize,verb,2.82,2.13,5.58,1.83,
act,verb,6.91,1.69,7.52,1.19,
noesis,noun,6.67,1.87,6.54,2.21,
pooh-pooh,verb,5.48,2.52,2.84,2.07,
empower,verb,5.12,2.42,5.93,2.1,
clip,noun,4.59,2.1,3.83,1.7,
ill,adj,5.8,2.88,2.05,1.2,
surface,noun,4.16,1.99,5.44,1.18,
laugh at,verb,5.83,2.73,3.13,2.24,
make,verb,6.07,2.61,2.21,1.99,
still,adj,2.82,2.13,5.58,1.83,
exploit,noun,5.73,2.09,4.33,2.35,
commotion,noun,5.71,2.34,4.95,2.22,
iridaceous plant,noun,4.6,2.35,6.02,1.66,
imperfectness,noun,4.07,1.69,3.43,1.38,
twinge,verb,4.7,2.59,3.98,1.73,
kinship group,noun,4.8,2.71,7.65,1.55,
walk,verb,3.27,1.98,5.02,0.93,
ceremony,noun,5.97,2.85,7.82,1.56,
liquidator,noun,6.28,2.53,3.09,2.09,
give the axe,verb,7.17,2.06,3.22,2.06,
socio-economic class,noun,5.32,2.39,6.5,2.03,
bird of prey,noun,3.98,1.87,5.8,1.31,
featherbrained,adj,5.88,2.38,7.41,1.8,
prise,verb,5.19,2.39,7.64,1.29,
float,noun,3.8,2.18,5.22,1.13,
sympathize with,verb,3.72,2.02,3.37,1.57,
moon-curser,noun,4.76,2.4,5.67,1.91,
mental strain,noun,7.45,2.38,2.09,1.41,
grapheme,noun,4.9,2.37,6.61,1.59,
multipotent,adj,4.02,2.41,4.68,1.97,
journey,verb,5.55,2.23,6.25,1.91,
leaflet,noun,3.62,2.02,4.79,1.05,
sympathy,noun,3.72,2.02,3.37,1.57,
plump,verb,4.81,2.8,2.28,1.92,
young woman,noun,4.29,2.69,6.87,1.64,
automatic,noun,5,2.83,6.42,2.05,
motility,noun,5.53,2.43,2.76,2.06,
sure-footed,adj,5.08,2.07,7.16,1.39,
fitful,adj,5.43,2.42,3.05,1.92,
establish,verb,4.25,2.47,5.55,2.24,
enthrone,verb,4.28,2.53,6.58,1.42,
stitch,verb,3.46,1.92,3.65,1.61,
garb,verb,4.49,2.5,6.07,1.61,
visual property,noun,4.73,2.64,7.02,1.57,
mold,verb,3.82,2.4,5.09,1.67,
reputable,adj,5.43,2.85,7.47,1.45,
demonstrate,verb,5.12,2.39,6.95,1.85,
classicist,noun,7.59,2.07,8.32,1,
blast,noun,7.17,2.06,3.22,2.06,
declination,noun,4.7,2.48,4.09,2.21,
march on,verb,6.02,2.58,7.73,1.34,
ragtag,noun,4.88,2.36,2.43,1.56,
get on,verb,6.02,2.58,7.73,1.34,
call,verb,7.04,1.96,3.88,2.07,
pestered,adj,5.94,2.36,2.17,1.21,
merry,adj,5.57,2.8,7.41,1.92,
negligent,adj,4.1,1.94,4.28,1.84,
meth,noun,4.27,2.07,4.75,1.38,
table,noun,4.32,2.14,4.89,0.89,
grime,verb,4.93,2.23,2.81,1.52,
fair,adj,3.18,1.85,4.61,1.28,
reposeful,adj,2.82,2.13,5.58,1.83,
soldiery,noun,3.89,2.17,5.89,1.55,
misconception,noun,5.14,2.82,7.41,1.9,
assure,verb,3.14,2.47,7.57,1.76,
beautify,verb,4.05,1.89,6.41,1.34,
chick,noun,4.24,2.43,6.09,1.96,
panel,noun,3.36,2.12,4.82,1.23,
concealment,noun,4.39,2.36,3.05,1.99,
unheeding,adj,3.18,1.85,4.61,1.28,
study,verb,4.25,2.47,5.55,2.24,
command,verb,4.3,2.26,4.35,1.23,
inexperienced,adj,5.64,2.51,6.89,2.12,
period,noun,2.8,2.66,7.2,1.77,
joyous,adj,5.98,2.54,8.22,1.22,
hurting,noun,6.06,2.67,2.43,2.17,
subject matter,noun,4.89,2.46,6.28,1.45,
blemish,noun,4.79,2.11,3.38,1.7,
jade,verb,3.81,2.29,3.79,2.12,
immodest,adj,3.98,2.24,5.76,1.28,
take a breath,verb,5,2.53,6.97,1.91,
treat,verb,5,2.32,3.64,2.08,
benefactor,noun,5.8,3.01,7.73,1.56,
dread,adj,6.33,2.28,2.25,1.18,
agitated,adj,6.63,2.7,7.97,1,
gruesome,adj,4.29,2.45,1.9,1.14,
step-down,noun,5,2.32,3.64,2.08,
Equus caballus,noun,3.93,2.56,5.34,1.75,
inflection,noun,7.45,2.38,2.09,1.41,
empty,adj,4.21,1.99,6.51,1.34,
girl,noun,4.58,2.37,6.32,1.6,
countenance,verb,5.3,2.66,6.68,2.71,
female person,noun,4.29,2.69,6.87,1.64,
function,noun,6.69,2.84,7.86,1.83,
subject field,noun,4.08,2.41,6.2,1.37,
decease,verb,6.03,3.19,1.56,0.96,
neat,adj,3.98,2.22,6.3,1.56,
change hands,verb,4.7,2.48,4.09,2.21,
foolish,adj,4.72,2.71,2.31,1.37,
weed,noun,4.14,2.11,6.12,1.44,
inst,adj,5.12,2.39,6.95,1.85,
abode,noun,4.56,2.41,7.26,1.72,
accent,verb,7.45,2.38,2.09,1.41,
sinewy,adj,5.47,2.2,6.82,1.63,
interchange,verb,7.37,2.21,8.37,1,
nip,verb,4.59,2.1,3.83,1.7,
cloudy,adj,3.46,1.92,3.65,1.61,
insipid,adj,3.29,1.89,4.1,1.08,
pedal extremity,noun,3.27,1.98,5.02,0.93,
join,verb,6.39,2.31,7.41,1.97,
get across,verb,4.39,2.81,6.16,2.33,
complex body part,noun,4.36,2.13,5.28,1.44,
sorrow,noun,4.78,2.84,1.69,1.04,
fall,verb,3.65,2.35,5.08,2.51,
gentle,adj,4.31,2.2,6.76,1.78,
shaft,noun,4.33,1.78,5.19,1.27,
inhumane,adj,5.19,2.23,4.02,1.99,
signalise,verb,4.6,2.35,6.02,1.66,
free-flying,adj,4.12,2.3,6.34,1.56,
suffer,verb,6.03,3.19,1.56,0.96,
platinum-blonde,adj,5.07,2.7,6.43,2.04,
conceive of,verb,5.14,2.82,7.41,1.9,
don,verb,4.1,2,5.46,1.36,
hit,verb,5.37,2.39,6.5,1.78,
immature,adj,5.64,2.51,6.89,2.12,
juvenile,noun,5.67,2.52,6.75,2.29,
embryonal,adj,4.15,1.96,3.39,1.7,
natural elevation,noun,4.54,3.19,1.85,1.67,
finish,noun,6.63,2.84,8.32,1.16,
disobey,verb,4.23,1.72,4.52,1.88,
cloud nine,noun,7.38,1.92,7.98,1.52,
lessen,verb,4.65,2.13,5.2,1.28,
let on,verb,7.24,2.06,1.68,1.02,
exposit,verb,4.1,2.24,5.55,1.58,
tune,noun,5.86,1.81,7,1.34,
welfare,noun,5.13,2.35,6.81,1.88,
decent,adj,3.98,2.24,5.76,1.28,
ruin,verb,6.22,1.91,2.73,1.72,
drop,verb,4.14,2.3,2.93,1.76,
smell,noun,5.05,2.36,6.76,1.48,
calumniation,noun,4.25,2.47,5.55,2.24,
race,noun,4.73,2.64,7.02,1.57,
Milquetoast,noun,5.17,2.57,3.14,1.96,
infected,adj,4.88,2.29,3.08,2.05,
economic condition,noun,4.87,2.66,1.67,0.9,
respectable,adj,3.98,2.22,6.3,1.56,
aurora,noun,5.06,3.05,7.86,1.35,
softened,adj,4.63,2.61,7.12,1.34,
gentleman's gentleman,noun,5.24,2.31,6.73,1.7,
affect,verb,4.73,2.64,7.02,1.57,
reek,noun,4.36,2.46,2.19,1.37,
interloper,noun,5.45,2.15,5.6,1.82,
meander,verb,6.82,2.1,3.31,2.2,
greasy,adj,4.81,2.8,2.28,1.92,
account,noun,5.74,2.38,3.48,2.33,
trouser,noun,4.37,2.14,6.47,1.59,
watch out,verb,5,2.68,6.68,1.84,
fipple pipe,noun,4.69,1.99,5.81,1.21,
human activity,noun,4.14,2.3,2.93,1.76,
hummer,noun,5.33,2.48,3.29,2.06,
tolerance,noun,5.4,2.7,7.98,1.42,
tendency,noun,4.54,1.86,6.46,1.52,
bother,verb,5.76,2.15,3.11,1.67,
rasping,adj,5.33,2.04,4.74,2,
harum-scarum,adj,4.17,2.84,7.54,1.38,
pick out,verb,4.08,2.41,6.2,1.37,
rigour,noun,4.76,2.55,2.45,1.61,
patrol wagon,noun,3.98,2.04,5.37,0.97,
homophile,noun,5.12,2.27,4.67,2.45,
disputation,noun,7.15,2.19,3.76,2.63,
battleful,adj,5.83,2.33,5.1,1.68,
embellish,verb,5.14,2.39,6.93,1.3,
awful,adj,4,1.6,5.35,1.21,
move,verb,4.95,2.62,7.53,1.67,
facial expression,noun,5.04,2.18,6.39,1.6,
cheeselike,adj,4.63,2.61,7.12,1.34,
losings,noun,7.72,2.16,8.38,0.92,
structure,noun,3.47,2.12,5.33,1.33,
cracking,adj,5.43,2.85,7.47,1.45,
belief,noun,4.89,2.46,6.28,1.45,
textile,noun,3.71,2.51,6.9,1.27,
essayist,noun,3.36,2.18,5.89,1.73,
human beings,noun,5.32,2.39,6.5,2.03,
cowardly,adj,4.11,2.09,3.86,1.55,
deplete,verb,5.69,2.51,7.47,1.73,
charitable,adj,4.46,2.55,7.59,1.67,
repentant,adj,5.74,2.32,2.28,1.42,
solid ground,noun,4.24,2.49,7.15,1.67,
love life,noun,6.44,3.35,8.72,0.7,
trumped-up,adj,3.43,2.09,3.27,1.4,
self-loving,adj,5.5,2.62,2.42,1.62,
inactivate,verb,4.86,2.56,5.46,0.98,
revivalist,noun,4.18,2.38,3.2,1.58,
plate armor,noun,4.71,2.84,4.9,2.2,
instant,noun,4.64,2.75,5.31,2.02,
go against,verb,5.56,2.06,2.76,1.5,
naut mi,noun,4.07,2.15,4.64,1.36,
secured,adj,3.14,2.47,7.57,1.76,
deaf-and-dumb person,noun,4.35,2.25,3.38,1.7,
carmine,adj,5.29,2.04,6.41,1.61,
Book,noun,4.17,2.49,5.72,1.54,
aguish,adj,4.29,2.45,1.9,1.14,
lousy,adj,4.89,2.5,3.58,2.38,
dingy,adj,2.98,2.18,3.05,1.58,
stinker,noun,4.95,2.36,3.02,1.66,
thigh-slapper,noun,6.39,2.63,2.96,1.93,
humanities,adj,7.59,2.07,8.32,1,
minor,noun,5.88,2.38,7.41,1.8,
bespoke,adj,4.66,2.12,5.85,1.53,
skilled worker,noun,5.24,2.31,6.73,1.7,
expend,verb,6.83,2.7,1.8,1.23,
three-year-old,adj,4.15,1.96,3.39,1.7,
unite,verb,6.39,2.31,7.41,1.97,
beast,noun,5.64,2.51,6.89,2.12,
unethical,adj,4.98,2.48,3.5,2.16,
feed,verb,4.14,2.3,2.93,1.76,
mucky,adj,4.13,2.13,4.44,2.07,
conclusion,noun,5.82,2.71,3.16,2.44,
kickshaw,noun,5.62,2.25,7.36,1.38,
care,verb,5,2.68,6.68,1.84,
drive away,verb,7.17,2.06,3.22,2.06,
fuel,noun,4.34,2.51,4.8,1.59,
jaunt,verb,6.21,2.51,7.1,2,
belligerent,noun,5.12,2.26,5.51,1.8,
undefeated,adj,5.09,3,2.34,1.66,
dumb,adj,3.39,2.22,3.93,1.6,
zoonosis,noun,6.1,2.62,1.77,0.97,
pull through,verb,6.53,2.56,7.7,1.24,
unquiet,adj,6.59,2.07,3.29,1.47,
organized religion,noun,4.34,2.45,6.28,2.31,
division,noun,3.96,1.94,5.29,0.97,
parcel of land,noun,4.08,2.41,6.2,1.37,
pocket-size,adj,3.98,2.24,5.76,1.28,
begrime,verb,4.13,2.13,4.44,2.07,
sky-blue,noun,5,2.72,7,1.88,
allow,verb,4.54,1.86,6.46,1.52,
spatter,verb,3.73,2.23,4.66,1.88,
lead by the nose,verb,5.75,2.47,7.08,1.83,
portion,noun,3.24,2.08,5.26,0.86,
give way,verb,6.95,2.44,2.31,1.44,
veggie,noun,4.28,2.46,6.18,2.05,
sign of the zodiac,noun,6.42,2.83,1.5,0.85,
dislike,noun,5.28,2.04,3.85,2.13,
nigrify,verb,4.61,2.24,5.39,1.8,
disarm,verb,3.59,2.4,5.34,1.82,
take,verb,5.73,2.09,4.33,2.35,
stream,noun,6,2.02,3.19,1.66,
immure,verb,5.49,2.67,1.95,1.27,
cognizant,adj,5.5,2.74,7.25,2.22,
confabulate,verb,5.74,2.38,3.48,2.33,
patriotic,adj,6.56,2.21,1.93,1.61,
impoverish,verb,6.21,2.79,2,1.31,
painful,adj,4.88,2.3,6.93,1.28,
small-arm,noun,6.27,1.94,4.37,2.75,
fun,noun,5.85,2.81,8.37,0.94,
behave,verb,5.71,2.34,4.95,2.22,
input,noun,4.9,2.35,4.31,2.18,
comely,adj,6.17,2.34,7.6,1.64,
tract,noun,4.08,2.41,6.2,1.37,
ending,noun,4.59,3.07,1.61,1.4,
rumourmonger,noun,5.74,2.38,3.48,2.33,
assets,noun,3.82,2.24,5.11,1.78,
speech,noun,5.16,2.25,6.77,1.58,
machine,noun,7.33,1.96,2.47,1.5,
pick up,verb,5.39,2.22,7.15,1.49,
shot,noun,5,2.32,3.64,2.08,
coiffure,noun,6.64,2.64,2.35,1.7,
adjudge,verb,4.49,1.9,6.49,1.7,
shorten,verb,5,2.32,3.64,2.08,
significance,noun,5.56,2.62,7,1.32,
walk on air,verb,5.78,2.6,7.8,1.83,
unpretending,adj,2.82,2.13,5.58,1.83,
trouble maker,noun,6.07,2.61,2.21,1.99,
feebleminded,adj,4.72,2.71,2.31,1.37,
love,verb,6.75,2.3,8.27,0.9,
sweetness,noun,5.46,2.47,7.02,1.84,
hot dog,noun,5.76,2.5,7.57,1.66,
witching,adj,5.95,2.36,7.46,1.64,
relate,verb,5.66,2.26,6.97,1.53,
dilute,adj,5,2.32,3.64,2.08,
crowned head,noun,5.51,2.77,7.26,1.67,
slothful,adj,2.65,2.06,4.38,2.02,
clump,noun,4.8,2.82,4.16,2.34,
dulcify,verb,4.58,2.4,6.54,2.09,
troubled,adj,6.4,2.38,1.94,1.1,
set off,verb,4.86,2.56,5.46,0.98,
Captain James Cook,noun,4.44,1.96,6.16,1.89,
nightfall,noun,4.7,2.41,7.23,1.8,
apologise,verb,4.73,2.64,7.02,1.57,
reserve,verb,4.95,2.19,6.45,1.93,
irreverence,noun,4.93,2.34,3.75,2.26,
sea wolf,noun,7.86,1.89,1.89,1.39,
produce,verb,4,2.14,4.56,1.72,
distracted,adj,4.29,2.45,1.9,1.14,
creative activity,noun,4.86,2.88,6.68,2.1,
bountiful,adj,5.95,2.73,7.93,1.47,
put to work,verb,6.84,2.06,7.13,1.58,
respect,verb,6.96,2.17,2.76,2.12,
nonconscious,adj,5.73,2.73,1.94,1.76,
comfy,adj,3.32,2.28,7.39,1.53,
field of honor,noun,4.08,2.41,6.2,1.37,
handgun,noun,5.55,2.39,4.02,2.44,
result,noun,5.1,2.4,6.21,1.63,
overawed,adj,5.74,2.31,6.7,1.38,
quest,verb,7.35,1.76,7.69,1.39,
succor,noun,3.93,2.85,7.07,2.14,
conflict,noun,7.15,2.19,3.76,2.63,
ungrateful,adj,4.34,2.31,6.89,2.29,
marketplace,noun,4.12,1.83,5.66,1.02,
yore,noun,3.93,2.29,5.24,2.01,
kinsfolk,noun,4.8,2.71,7.65,1.55,
dirty,adj,4.93,2.23,2.81,1.52,
mental faculty,noun,4.75,2.5,6.82,1.96,
creature,noun,5.57,2.61,4.23,2.41,
naughty,adj,4.31,2.2,6.76,1.78,
unstrained,adj,2.39,2.13,7,1.77,
message,noun,6.44,2.58,8.2,1.15,
stern,adj,3.52,2.05,4.39,1.46,
naif,adj,4.28,2.46,6.18,2.05,
come back,verb,4.21,2.94,7.91,1.63,
prideful,adj,6.78,2.58,8.82,0.73,
pedagog,noun,4.05,2.61,5.68,2.12,
sunrise,noun,4.2,2.99,7.68,1.72,
flushed,adj,5.29,2.04,6.41,1.61,
fast,adj,6.57,1.78,6.64,1.61,
beverage,noun,5.29,2.55,6.88,1.89,
utilization,noun,6.83,2.7,1.8,1.23,
dissipated,adj,4.98,2.48,3.5,2.16,
linear unit,noun,3.78,2.42,5.29,1.42,
chaplet,noun,4.28,2.53,6.58,1.42,
accost,verb,5.27,2.31,7,1.52,
powerlessness,noun,6.67,1.87,6.54,2.21,
suspenseful,adj,6.53,2.1,3.56,1.36,
workout,noun,6.84,2.06,7.13,1.58,
throw,verb,5,2.32,3.64,2.08,
maleficent,adj,6.39,2.44,3.23,2.64,
folk,noun,4.25,2.47,5.55,2.24,
excited,adj,6.63,2.7,7.97,1,
hyperpigmentation,noun,6.22,1.91,2.73,1.72,
supporter,noun,4.83,2.63,7.53,1.58,
unsanitariness,noun,5.12,2.32,2.47,1.68,
horologe,noun,4.1,2.12,5.78,1.51,
floozy,noun,4.93,2.82,3.34,2.31,
family unit,noun,6.39,2.31,7.41,1.97,
respiratory disorder,noun,5.19,2.23,4.02,1.99,
residential area,noun,4.08,1.87,5.92,1.34,
frigid,adj,5.19,2.23,4.02,1.99,
traveller,noun,4.82,2.49,6.54,1.64,
kip down,verb,3.61,2.56,7.51,1.38,
impressive,adj,5.56,3.01,8.03,1.56,
superpower,noun,6.67,1.87,6.54,2.21,
trauma,noun,6.22,1.91,2.73,1.72,
graceful,adj,4.91,2.57,6.58,1.78,
unpleasant person,noun,4.98,2.03,2.81,1.92,
humbug,noun,5.75,2.45,2.67,1.66,
go down,verb,5.54,2.37,3.29,1.95,
color,verb,4.43,2.05,5.61,1.94,
work table,noun,3.59,2.07,4.61,1.4,
persona,noun,3.82,2.24,5.11,1.78,
quiet down,verb,2.82,2.13,5.58,1.83,
faucet,noun,3.71,1.75,5.02,0.93,
beef up,verb,3.14,2.47,7.57,1.76,
geographic region,noun,4.08,2.41,6.2,1.37,
nous,noun,5,2.68,6.68,1.84,
make out,verb,5,2.32,3.64,2.08,
lentissimo,adj,3.39,2.22,3.93,1.6,
accumulation,noun,5.63,2.36,6.88,1.74,
trip,noun,4.7,2.48,4.09,2.21,
interfere,verb,4.95,2.01,4.1,1.88,
cognitive content,noun,5.92,2.11,7.65,1.37,
distrust,noun,5.3,2.66,6.68,2.71,
implements of war,noun,7.15,2.4,2.1,1.19,
snap,noun,5.67,2.51,7.76,1.51,
check,verb,3.18,1.76,4.74,1.02,
disposition,noun,4.56,2.97,1.61,1.02,
heedless,adj,5.72,2.3,7.65,1.03,
break up,verb,5,2.32,3.64,2.08,
pride,noun,4.98,2.31,4.3,1.91,
signification,noun,4.49,2.28,6.2,1.85,
wound,noun,5,2.32,3.64,2.08,
ravage,verb,4.14,2.3,2.93,1.76,
Song dynasty,noun,6.07,2.42,7.1,1.97,
vamper,noun,5.87,2.56,4.84,2.51,
fussiness,noun,5.1,2.59,6.79,2.32,
habitation,noun,4.21,2.94,7.91,1.63,
itemize,verb,4.25,2.47,5.55,2.24,
inhospitable,adj,4.14,2.3,2.93,1.76,
transmit,verb,4.12,2.3,6.34,1.56,
reckon,verb,4.54,1.86,6.46,1.52,
extraordinary,adj,6.27,2.44,1.93,1.44,
strident,adj,6.38,1.78,5.02,2.02,
go,verb,5,2.32,3.64,2.08,
deferred,adj,5.62,2.39,3.07,1.74,
lash out,verb,7.51,2.28,2.03,1.55,
revilement,noun,5,2.32,3.64,2.08,
tantalize,verb,5.87,2.56,4.84,2.51,
healthcare facility,noun,5.98,2.54,5.04,2.45,
goody,noun,3.7,2.29,5.66,1.44,
manducate,verb,6,2.43,7.18,1.97,
phoney,adj,6.07,2.15,3.36,2.16,
sluttish,adj,4.48,2.82,7.1,1.91,
hornlike,adj,5.12,2.19,5.22,1.82,
humor,noun,7.22,2.01,8.37,1.11,
bill,noun,3.93,2.56,5.34,1.75,
set,verb,7.25,2.25,8.19,1.13,
catch,verb,5.16,2.25,6.77,1.58,
acetose,adj,5.1,1.95,3.93,1.98,
eat up,verb,6.22,1.91,2.73,1.72,
overbold,adj,3.91,2.64,7.52,1.23,
program,noun,5.17,2.11,5.3,1.67,
exclaiming,noun,6.07,2.61,2.21,1.99,
content,adj,4.3,2.52,7.2,1.5,
smooth,adj,2.82,2.13,5.58,1.83,
framework,noun,3.89,2.17,5.89,1.55,
actus reus,noun,5.69,2.06,2.49,1.76,
high temperature,noun,3.73,2.4,7.41,1.81,
challenger,noun,5.85,3.15,8.44,0.9,
judicial decision,noun,4.89,2.46,6.28,1.45,
mislead,verb,7.24,2.06,1.68,1.02,
unfasten,verb,3.14,2.47,7.57,1.76,
arrive at,verb,5.73,2.09,4.33,2.35,
interestingness,noun,4.73,2.64,7.02,1.57,
forget,verb,5,2.68,6.68,1.84,
gruelling,adj,5.12,2.19,5.22,1.82,
son,noun,4.29,2.69,6.87,1.64,
adult female,noun,4.84,2.04,6.08,2.08,
knitting stitch,noun,3.52,2.05,4.39,1.46,
upending,noun,5.86,2.4,2,1.18,
disarmer,noun,3.79,2.28,6.9,1.54,
lifeless,adj,5.73,2.73,1.94,1.76,
bodily property,noun,4.57,2.38,3.52,1.99,
bewildered,adj,5.82,2.62,2.82,1.83,
amount,noun,5.38,2.58,6.02,1.77,
progress,noun,6.44,2.58,8.2,1.15,
blame,verb,5.15,3.04,8.26,1.31,
brass,noun,4.97,2.13,5.75,1.38,
worried,adj,5.86,2.4,2,1.18,
glum,adj,5.1,1.95,3.93,1.98,
operating theatre,noun,6.35,2.32,2.86,2.19,
scarcity,noun,5.51,2.63,6.59,2.01,
sexual assault,noun,6.81,3.17,1.25,0.91,
spy,noun,4.3,2.26,4.35,1.23,
intellectual,noun,5.12,2.46,7.26,1.42,
bushel,verb,5.86,2.7,5.2,2.54,
evil,noun,5.43,2.85,7.47,1.45,
material,noun,4.14,2.3,2.93,1.76,
title,noun,5.92,2.6,7.08,2.2,
female parent,noun,5.92,2.6,7.08,2.2,
coloured,adj,4.61,2.24,5.39,1.8,
colourize,verb,4.73,2.64,7.02,1.57,
poky,adj,3.39,2.22,3.93,1.6,
suggest,verb,6.98,2.21,7.61,1.51,
slow,verb,3.39,2.22,3.93,1.6,
suffering,noun,7.26,2.57,8.03,1.27,
thought,noun,4.89,2.46,6.28,1.45,
on the loose,adj,5.15,3.04,8.26,1.31,
unworthy,adj,5.38,2.23,2.43,1.27,
vision,noun,4.53,2.72,6.73,1.75,
vilification,noun,6.83,2.7,1.8,1.23,
spot,noun,4.08,1.92,5.24,1.59,
modify,verb,5.8,2.39,3.66,2,
diapsid reptile,noun,6.82,2.1,3.31,2.2,
taste sensation,noun,5.1,1.95,3.93,1.98,
dyestuff,noun,4.31,2.2,6.76,1.78,
dolt,noun,4.72,2.71,2.31,1.37,
interference,noun,5,2.83,6.42,2.05,
ebbtide,noun,6,2.02,3.19,1.66,
remedy,noun,5.75,2.84,2.06,1.57,
cast,verb,4.29,2.45,1.9,1.14,
kill,noun,5.73,3.14,1.25,0.69,
mental object,noun,5.86,1.81,7,1.34,
dove,noun,4.39,2.29,5.88,1.62,
headgear,noun,4.1,2,5.46,1.36,
sail through,verb,5.5,2.66,6.88,1.93,
exertion,noun,6.85,2.03,3.03,2.09,
kid,noun,5.53,2.8,8.22,1.2,
sophisticate,verb,6.26,2.61,2.79,2.12,
lame,adj,5.89,2.37,6.98,1.97,
attached,adj,4.26,2.57,3.86,1.88,
credential,noun,5.67,2.8,8,1.39,
rite,noun,5.97,2.85,7.82,1.56,
assistance,noun,4.4,2.07,5.95,1.38,
worshipper,noun,4.84,2.57,6,2.21,
get at,verb,6.49,2.17,2.74,1.81,
nimbus,noun,6.02,2.71,7.55,1.68,
terrestrial planet,noun,4.24,2.49,7.15,1.67,
intrinsical,adj,6.98,2.21,7.61,1.51,
rootage,noun,4.21,2.94,7.91,1.63,
give away,verb,4.14,2.11,6.12,1.44,
shaver,noun,5.55,2.29,7.08,1.98,
trigger-happy,adj,6.89,2.47,2.29,1.78,
Amytal,noun,4.31,2.2,6.76,1.78,
eye,noun,6.34,2.25,7.39,1.53,
provision,noun,5.02,2.24,7.08,1.59,
gambling hell,noun,6.51,2.12,6.81,1.66,
bawd,noun,5.85,2.93,2.3,2.11,
observe,verb,5.9,1.83,7.66,1.24,
ache,verb,4.7,2.59,3.98,1.73,
band,noun,6.69,2.84,7.86,1.83,
firearm,noun,6.15,2.19,4.2,2.58,
downcast,adj,4.72,2.95,1.83,1.42,
hymenopter,noun,5.5,2.17,3.37,1.63,
impress,verb,5.8,2.39,3.66,2,
modeling,noun,4.07,1.98,3.55,1.7,
raggedness,noun,4.07,2.15,4.64,1.36,
colorful,adj,4.61,2.24,5.39,1.8,
illustrious,adj,5.73,2.68,6.98,2.07,
disgorgement,noun,5.75,2.84,2.06,1.57,
missing,adj,5.82,2.62,2.82,1.83,
disagreeable person,noun,6.5,2.49,2.13,1.81,
key out,verb,4.25,2.47,5.55,2.24,
badminton equipment,noun,3.17,2.23,7.27,1.36,
disgust,noun,7.21,2.14,2.76,2.25,
man,noun,4.38,2.24,5.72,2.43,
saintlike,adj,5.43,2.85,7.47,1.45,
image,noun,5.95,2.84,8.15,1.27,
joyfulness,noun,7.67,1.91,7.5,2.2,
appal,verb,5.56,2.06,2.76,1.5,
mortal sin,noun,7.63,1.91,2.34,1.32,
sound property,noun,4.48,2.12,6.25,1.59,
dramatic work,noun,4.17,2.49,5.72,1.54,
cohort,noun,5.64,2.51,6.89,2.12,
shitty,adj,4.53,2.38,2.26,1.37,
official document,noun,3.5,1.84,5.29,1.08,
unstrain,verb,6.53,2.1,3.56,1.36,
gliding joint,noun,4.16,2.03,5.27,1.54,
pass across,verb,5,2.32,3.64,2.08,
unskilled,adj,5.18,2.4,4,2.22,
white person,noun,5.5,2.17,3.37,1.63,
double-decker,noun,3.55,1.8,4.51,1.57,
hand tool,noun,6.14,2.39,6.43,1.98,
boding,noun,4.3,2.26,4.35,1.23,
quetch,verb,4.9,2.35,4.31,2.18,
walking on air,noun,4.41,2.95,6.95,2.24,
tired,adj,5.73,2.73,1.94,1.76,
point,noun,6.14,2.39,6.43,1.98,
fence lizard,noun,5.39,2.53,6.46,1.76,
displace,verb,4.38,2.29,5.55,1.4,
heinous,adj,6.39,2.44,3.23,2.64,
manipulate,verb,5.11,2.84,7,2.01,
king,noun,6.67,1.87,6.54,2.21,
bring out,verb,5.67,2.51,7.76,1.51,
faculty,noun,5.42,2.25,6.62,1.5,
condition,noun,4.28,2.21,4.71,2.36,
exasperate,verb,5.76,2.15,3.11,1.67,
act involuntarily,verb,5.44,2.68,6.93,1.83,
fictitious place,noun,5.61,3.2,7.3,2.39,
hominid,noun,5.24,2.31,6.73,1.7,
topsy-turvyness,noun,6.67,2.06,4.17,2.36,
spectral color,noun,5.29,2.04,6.41,1.61,
unbar,verb,5,2.83,6.42,2.05,
veil,verb,5.28,2.51,4.32,1.91,
role,noun,4.1,2,5.46,1.36,
squeamish,adj,4.38,2.69,6.55,2.44,
defender,noun,5.85,3.15,8.44,0.9,
opprobrious,adj,4.61,2.24,5.39,1.8,
simulated,adj,3.43,2.09,3.27,1.4,
bolt,adv,6.46,2.58,2.95,1.79,
sex activity,noun,5.74,2.81,8.28,0.92,
comprehend,verb,5.85,2.49,1.9,1.26,
educator,noun,4.37,2.14,6.47,1.59,
traveler,noun,5.45,2.15,5.6,1.82,
tip,noun,4.28,2.53,6.58,1.42,
dearie,noun,5.1,2.59,6.79,2.32,
astounded,adj,7.47,2.09,7.47,1.56,
touched,adj,4.29,2.45,1.9,1.14,
actress,noun,4.61,2.24,5.39,1.8,
goodness,noun,4.52,2.52,6.22,2.06,
the pits,noun,5.38,2.62,2.24,1.62,
rope,noun,3.86,2.13,5.67,1.26,
bound,verb,5.67,2.51,7.76,1.51,
better half,noun,5.21,2.75,7.58,1.48,
good,noun,6.39,2.44,3.23,2.64,
well-favored,adj,5.95,2.73,7.93,1.47,
indweller,noun,3.95,1.97,5.05,1.34,
prospect,noun,5.44,2.47,7.05,1.96,
theatre,noun,4.08,2.41,6.2,1.37,
wildcat,noun,5.57,2.61,4.23,2.41,
harry,verb,5.36,2.89,3.82,1.73,
mobile phone,noun,4.08,2.19,3.82,1.7,
guck,noun,5.36,2.63,2.68,1.66,
ascendant,noun,5.92,2.6,7.08,2.2,
satirist,noun,5.39,2.53,6.46,1.76,
dickhead,noun,4.7,2.59,3.98,1.73,
step,verb,6.83,2.7,1.8,1.23,
treacherous,adj,6.2,2.7,2.05,1.55,
plight,noun,3.91,1.92,4.36,1.21,
heyday,noun,5.03,2.65,7.26,1.18,
make peace,verb,7.49,2.16,2.08,1.91,
advancement,noun,6.02,2.58,7.73,1.34,
coquet,verb,3.47,2.39,7.17,1.2,
ramshackle,adj,4.1,1.94,4.28,1.84,
computer program,noun,5.71,2.21,3.33,1.72,
seating area,noun,3.52,2.29,6.02,1.89,
beleaguer,verb,5.87,2.56,4.84,2.51,
incurvation,noun,3.47,2.12,5.33,1.33,
prosperous,adj,6.53,2.34,8.17,1.06,
sappy,adj,5.88,2.38,7.41,1.8,
eliminate,verb,5,2.32,3.64,2.08,
auto,noun,3.55,1.8,4.51,1.57,
honour,noun,6.55,2.46,7.93,1.29,
small,adj,3.98,2.24,5.76,1.28,
rescue,verb,4.95,2.19,6.45,1.93,
squeeze,verb,4.4,2.67,7.72,1.92,
change state,verb,5.69,2.15,7.65,1.16,
sure,adj,6.22,2.41,7.98,1.29,
leporid mammal,noun,4.02,2.19,6.57,1.92,
chain armour,noun,5.63,2.36,6.88,1.74,
didactics,noun,5.74,2.46,6.69,1.77,
squawk,verb,5,2.19,3.14,1.56,
care for,verb,6.22,1.91,2.73,1.72,
inhabit,verb,5.94,2.09,7.33,1.7,
soft,adj,4.88,2.3,6.93,1.28,
nimbleness,noun,4.85,1.8,6.46,1.57,
fancify,verb,4.91,2.57,6.58,1.78,
crook,noun,6.89,2.13,2.13,1.69,
melodic line,noun,4.71,2.09,6.93,1.47,
pixilated,adj,6.09,2.44,2.96,2.37,
causal agency,noun,6.67,1.87,6.54,2.21,
approving,noun,4.95,2.62,7.53,1.67,
preoccupied,adj,5.72,2.3,7.65,1.03,
petty,adj,3.83,2.05,3.07,1.57,
histrion,noun,5.83,2.44,7.27,1.66,
give care,verb,6.13,2.71,8.39,1.15,
cater,verb,3.36,2.12,4.82,1.23,
blameable,adj,6.04,2.76,2.63,1.98,
literary genre,noun,4,2.85,5.86,1.91,
come forth,verb,4.7,2.48,4.09,2.21,
encouraging,adj,5.78,2.09,7.1,1.46,
pore,verb,4.65,2.13,5.2,1.28,
bolshy,noun,5.29,2.04,6.41,1.61,
male monarch,noun,4.76,2.18,6.44,1.43,
cocker,verb,5.53,2.8,8.22,1.2,
slammer,noun,5.49,2.67,1.95,1.27,
enthrall,verb,5.44,2.88,8.26,1.04,
fearlessness,noun,6.96,2.17,2.76,2.12,
give,verb,4.29,2.51,6.46,1.69,
lover,noun,5.5,2.73,8.42,0.83,
unharmonious,adj,5.1,1.95,3.93,1.98,
unpeasant-smelling,adj,5.1,1.95,3.93,1.98,
voluptuous,adj,5.34,2.51,7.5,1.08,
Kamarupan,noun,3.31,1.98,5.29,1.27,
hiding,noun,5.08,2.4,2.05,1.41,
first light,noun,4.39,2.81,6.16,2.33,
fill,verb,6,2.02,3.19,1.66,
mordacious,adj,4.24,2.17,3.95,2.09,
hazard,verb,6.98,2.15,7.6,1.5,
fall through,verb,4.7,2.48,4.09,2.21,
take a crap,verb,4,2.14,4.56,1.72,
performing artist,noun,6,2.2,7.14,1.56,
jovial,adj,5.9,2.42,7.9,1.49,
ornament,verb,4.6,2.35,6.02,1.66,
natural ability,noun,6.27,1.8,7.56,1.25,
aglow,adj,5.4,2.33,7.5,1.55,
cat,noun,6.2,2.16,5.57,1.99,
supply,verb,4.29,2.51,6.46,1.69,
dart,verb,3.47,2.39,7.17,1.2,
prepare,verb,4.44,1.96,6.16,1.89,
woman,noun,5.24,2.31,6.73,1.7,
Dr.,noun,5.86,2.7,5.2,2.54,
change taste,verb,5.1,1.95,3.93,1.98,
disentangle,verb,5.87,2.56,4.84,2.51,
visible light,noun,6.1,2.3,7.76,1.43,
sentiment,noun,5,2.68,6.68,1.84,
diplomatic,adj,3.29,1.89,4.1,1.08,
wassail,verb,5.31,2.23,5.92,1.57,
personify,verb,5.52,2.63,5.55,2.37,
tranquillity,noun,2.82,2.13,5.58,1.83,
nebulizer,noun,4.14,2.28,5.45,1.63,
ill health,noun,5.61,2.67,2.25,1.71,
canid,noun,5.76,2.5,7.57,1.66,
arts,noun,3.93,2.29,5.24,2.01,
apotheosis,noun,4.49,1.9,6.49,1.7,
hap,verb,4.7,2.48,4.09,2.21,
dust,verb,4.14,2.28,5.45,1.63,
discommode,verb,6.85,2.03,3.03,2.09,
believe,verb,5.3,2.66,6.68,2.71,
seating room,noun,3.86,2.13,5.67,1.26,
liking,noun,5.22,2.38,6.66,1.57,
lots,noun,5.49,2.43,6.59,1.66,
alter,verb,4.88,2.3,6.93,1.28,
bodily process,noun,7.36,1.91,8.05,1.53,
break,verb,3.82,2.24,5.11,1.78,
vulgar,adj,4.21,1.84,4.55,1.42,
edifice,noun,4.56,2.41,7.26,1.72,
complex,noun,3.62,2.25,5.98,1.83,
good manners,noun,5.19,2.39,7.64,1.29,
disfavor,verb,4.12,2.01,3.81,1.42,
lovesome,adj,4.88,2.3,6.93,1.28,
Dec 25,noun,6.27,2.56,7.8,1.55,
white-livered,adj,4.43,2.05,5.61,1.94,
enchant,verb,4.68,2.23,6.76,1.6,
scream,noun,5.36,2.91,3.93,2.22,
active,adj,6.57,1.78,6.64,1.61,
gun for hire,noun,7.02,1.84,3.47,2.48,
do,verb,6.74,1.84,8.1,1.36,
cataclysm,noun,6.24,2.64,1.78,1.31,
official,noun,5.47,2.54,7.78,1.35,
impairment,noun,5.85,2.49,1.9,1.26,
cony,noun,4.06,2.61,7.24,1.32,
malefactor,noun,4.79,2.51,2.93,1.66,
shake up,verb,5.8,2.39,3.66,2,
Holy Order,noun,4.41,2.71,6.42,2,
stellar,adj,5.83,2.44,7.27,1.66,
puzzle out,verb,5.41,2.43,6.63,1.68,
achromatic colour,noun,4.61,2.24,5.39,1.8,
first-rate,adj,5.5,2.66,6.88,1.93,
declare,verb,4.05,2.59,7.19,1.69,
theologian,noun,5.92,2.6,7.08,2.2,
twisting,noun,6.1,2.77,1.56,0.79,
give up,verb,5.15,3.04,8.26,1.31,
in bondage,adj,6.21,2.93,1.84,1.13,
expose,verb,5.04,2.66,7.55,1.85,
window glass,noun,3.97,2.01,5.91,1.38,
animation,noun,6.02,2.62,7.27,1.88,
thespian,noun,3.62,2.25,5.98,1.83,
ruttish,adj,7.36,1.91,8.02,1.12,
cosmos,noun,5.32,2.39,6.5,2.03,
lush,noun,5.69,2.36,2.84,2.34,
contagion,noun,5.06,2.44,2.74,1.97,
work,verb,5.86,2.4,2,1.18,
chromatic,adj,4.28,2.46,6.18,2.05,
intellection,noun,4.83,2.46,6.39,1.58,
symptom,noun,4.8,2.82,4.16,2.34,
insubstantial,adj,4.05,2.34,5.26,1.29,
make-up,noun,4.1,2.36,5.62,1.72,
consummation,noun,8.1,1.45,8.32,1.31,
compulsive,adj,5.13,2.76,4.45,2.23,
spend,verb,4.14,2.3,2.93,1.76,
Army,noun,5.03,2.03,4.72,1.75,
beauty,noun,5.5,2.73,8.42,0.83,
grace,verb,5.38,2.54,7,1.72,
decay,verb,4.65,2.39,3.2,1.81,
push,verb,7.15,2.19,3.76,2.63,
dry land,noun,4.08,2.41,6.2,1.37,
loss,noun,5.69,2.06,2.49,1.76,
uninterestingness,noun,5.66,2.26,6.97,1.53,
patently,adv,3.52,2.05,4.39,1.46,
fixing,noun,4.07,2.15,4.64,1.36,
instrument of execution,noun,3.15,1.77,5.08,0.98,
open,verb,4.14,2.11,6.12,1.44,
fat,noun,3.87,2.82,2.73,1.85,
aching,noun,5.07,2.74,2.02,1.06,
unaccompanied,adj,4.51,2.68,2.17,1.76,
run-in,noun,6.29,2.56,2.93,2.06,
attack,verb,6.83,2.7,1.8,1.23,
deal,verb,5.62,2.25,7.36,1.38,
blow,noun,4.58,2.02,4.88,1.16,
wear,noun,4.49,2.5,6.07,1.61,
can,noun,3.88,1.72,5.55,1.36,
envelop,verb,5.28,2.51,4.32,1.91,
ever-present,adj,5.12,2.39,6.95,1.85,
negative stimulus,noun,5.07,2.74,2.02,1.06,
adorn,verb,4.05,1.89,6.41,1.34,
golden,adj,6.49,2.77,8.21,1.82,
blessing,noun,5.4,2.7,7.98,1.42,
bang,noun,5.73,2.09,4.33,2.35,
arduous,adj,5.12,2.19,5.22,1.82,
wrongful conduct,noun,5.57,2.26,3.05,1.65,
heart,noun,2.95,1.72,4.95,0.98,
banter,verb,5.57,2.8,7.41,1.92,
unstable,adj,4.88,2.3,6.93,1.28,
colly,verb,3.98,2.29,3.37,1.34,
impoliteness,noun,3.74,2.37,7.18,1.5,
pattern,noun,4.66,2.12,5.85,1.53,
sparkle,verb,5.26,2.54,6.07,2.03,
alligatored,adj,5.33,2.04,4.74,2,
observance,noun,4.94,3.21,1.39,0.87,
displease,verb,5.44,2.88,8.26,1.04,
sunny,adj,5.4,2.33,7.5,1.55,
demasculinize,verb,5,2.32,3.64,2.08,
eutherian mammal,noun,3.49,2.13,5.57,1.53,
purpose,noun,4.47,2.43,5.3,1.61,
inconsequence,noun,3.83,2.29,5.76,1.65,
dulcorate,verb,4.51,2.25,6.73,1.7,
clam,noun,6.07,2.67,7.47,1.72,
disjoint,verb,6.33,2.71,2.22,1.88,
prophylactic,noun,3.86,2.72,7.07,1.9,
ogre,noun,6.76,2.68,2.11,1.56,
phenomenon,noun,5.38,2.58,6.02,1.77,
corruptible,adj,4.67,2.35,3.32,2.32,
contact,verb,5.35,2.76,8,1.55,
stretch,verb,5.86,2.7,5.2,2.54,
rise up,verb,6.56,2.34,4.13,1.78,
treasonably,adv,3.43,2.09,3.27,1.4,
entertain,verb,4.84,2.04,6.08,2.08,
crapper,noun,4,2.14,4.56,1.72,
indulge,verb,5.5,2.91,8.56,0.81,
electronic computer,noun,4.75,1.93,6.24,1.61,
corporal,adj,4.05,2.34,5.26,1.29,
gas,noun,7.02,1.84,3.47,2.48,
change magnitude,verb,4.7,2.48,4.09,2.21,
mischievousness,noun,5.38,2.62,2.24,1.62,
rank,noun,4.48,2.12,6.25,1.59,
hullabaloo,noun,7.67,1.91,7.5,2.2,
discompose,verb,6.5,2.49,2.13,1.81,
bedim,verb,4.3,2.26,4.35,1.23,
go about,verb,5.04,2.18,6.39,1.6,
scissors grip,noun,4.47,1.76,5.05,0.96,
transgression,noun,6.39,2.44,3.23,2.64,
disembarrass,verb,4.91,2.57,6.58,1.78,
unfitness,noun,3.81,2.27,3.29,1.69,
composition,noun,4.36,2.13,5.28,1.44,
shaky,adj,5.56,2.34,2.36,1.33,
moving-picture show,noun,4.93,2.54,6.86,1.81,
rise,verb,3.95,2.28,5.46,1.75,
Baron Snow of Leicester,noun,5.75,2.47,7.08,1.83,
intrepid,adj,6.15,2.45,7.15,1.64,
long-suffering,adj,4.21,2.37,5.29,1.89,
truelove,noun,6.06,2.91,8.11,1.35,
reduce,verb,5,2.32,3.64,2.08,
street drug,noun,4.83,2.9,3.28,2.16,
furnish,verb,4.97,2.49,6.61,1.78,
junky,noun,5.66,2.26,2.48,2.08,
soma,noun,4.19,2.45,6.32,1.74,
car,noun,3.41,2.14,5,1.96,
falls,noun,4.83,2.63,7.53,1.58,
civil rights leader,noun,5.64,2.51,6.89,2.12,
bad,noun,5.43,2.85,7.47,1.45,
missy,noun,5.53,2.8,8.22,1.2,
well-heeled,adj,4.48,2.82,7.1,1.91,
elevate,verb,3.31,1.98,5.29,1.27,
center,noun,6.34,2.25,7.39,1.53,
spoil,verb,4.92,2.64,2.39,1.44,
epidemic disease,noun,5.62,2.15,3.13,1.82,
change,verb,4.27,2.07,4.75,1.38,
winking,noun,5.44,2.68,6.93,1.83,
divest,verb,3.95,2.09,5.25,1.33,
note,noun,5.51,2.77,7.26,1.67,
virtuous,adj,5.51,2.06,6.45,1.76,
beat,verb,4.2,1.93,4,1.8,
estimator,noun,4.75,1.93,6.24,1.61,
upper side,noun,4.28,2.53,6.58,1.42,
wasteyard,noun,4.12,2.36,3.21,1.87,
unavailing,adj,4.87,2.58,2.13,1.42,
record,noun,3.93,2.29,5.24,2.01,
sensation,noun,5.83,2.44,7.27,1.66,
armament,noun,7.02,1.84,3.47,2.48,
formation,noun,6.25,2.15,4.67,2.08,
stopple,noun,3.8,2.18,5.22,1.13,
imagery,noun,4.53,2.72,6.73,1.75,
putrescent,adj,4.53,2.38,2.26,1.37,
recognise,verb,5.9,1.83,7.66,1.24,
vulgarian,noun,4.2,2.42,5.07,1.97,
ashamed,adj,6.04,2.76,2.63,1.98,
somebody,noun,3.82,2.4,5.09,1.67,
jest at,verb,6.74,1.84,8.1,1.36,
ideal,noun,5.95,2.73,7.25,2.05,
deface,verb,4.79,2.11,3.38,1.7,
positive,adj,6.22,2.41,7.98,1.29,
disorganized,adj,5.86,2.4,2,1.18,
luck,noun,4.95,2.81,1.7,1.07,
vend,verb,4.39,2.29,5.88,1.62,
basketball equipment,noun,3.63,2.02,5.45,1.15,
utter,verb,4.57,2.38,3.52,1.99,
penalty,noun,4.76,2.18,6.95,1.85,
piquantness,noun,5.59,2.66,6.79,2.04,
threaten,verb,5.52,2.45,2.88,1.64,
whispered,adj,5.12,2.19,5.22,1.82,
tomography,noun,5.1,2.59,6.79,2.32,
plunder,verb,6.81,3.17,1.25,0.91,
hard,adj,4.63,2.61,7.12,1.34,
fateful,adj,4.61,2.24,5.39,1.8,
sniffy,adj,5.04,2.14,3.68,1.9,
cheek,noun,5.04,2.18,6.39,1.6,
valuableness,noun,5.76,2.79,7.54,1.63,
grotesque,adj,5.38,2.23,2.43,1.27,
gimcrackery,noun,4.17,2.02,4.61,1.63,
emancipationist,noun,5,2.77,7.8,1.29,
trespasser,noun,5.5,2.4,3.05,2.01,
connector,noun,4.24,2.49,7.15,1.67,
unclean,adj,4.61,2.24,5.39,1.8,
distrustful,adj,4.91,1.92,4.52,1.63,
farinaceous,adj,4.21,1.84,4.55,1.42,
fill up,verb,3.14,2.47,7.57,1.76,
reprobate,noun,6.26,2.61,2.79,2.12,
black,noun,4.37,2.14,6.47,1.59,
tail,verb,5.76,2.5,7.57,1.66,
concordance,noun,5.02,2.24,7.08,1.59,
clasp,verb,5.35,2.76,8,1.55,
deception,noun,4.39,2.36,3.05,1.99,
travel,verb,4.7,2.48,4.09,2.21,
uniting,noun,6.34,2.35,6.48,2.45,
unredeemed,adj,5.82,2.62,2.82,1.83,
ready,verb,4.05,1.89,6.41,1.34,
menage,noun,4.8,2.71,7.65,1.55,
general assembly,noun,4.56,2.41,7.26,1.72,
maven,noun,5.5,2.66,6.88,1.93,
bureau,noun,4.08,1.92,5.24,1.59,
legal document,noun,4.89,2.46,6.28,1.45,
alive,adj,5.53,2.9,7.2,1.97,
pitch blackness,noun,4.61,2.24,5.39,1.8,
clangoring,noun,6.95,2.44,2.31,1.44,
horrible,adj,5.38,2.23,2.43,1.27,
slight,noun,5,2.32,3.64,2.08,
participant role,noun,4.21,2.37,5.29,1.89,
impuissant,adj,4.57,2.59,2.81,1.92,
drive,noun,7.49,2.16,2.08,1.91,
scene,noun,4.59,2.31,5.98,1.86,
originator,noun,5.92,2.6,7.08,2.2,
freeborn,adj,5.15,3.04,8.26,1.31,
only,adv,4.83,2.66,2.41,1.77,
evilness,noun,5.76,1.95,5.57,2.05,
upgrade,verb,3.21,2.57,7.31,1.3,
trustworthy,adj,5.32,1.92,7.7,1.43,
dun,verb,6.47,2.47,2.23,1.72,
play,verb,5.04,2.18,6.39,1.6,
dress down,verb,4.05,1.89,6.41,1.34,
bunk down,verb,6.95,2.44,2.31,1.44,
light,noun,6,2.02,3.19,1.66,
physical attraction,noun,7.26,2.57,8.03,1.27,
cubage unit,noun,3.54,2.09,5.1,1.09,
place,verb,4.16,2.8,7.92,1.24,
gregarious,adj,4.98,2.59,6.88,1.82,
foot soldier,noun,5.24,2.31,6.73,1.7,
playacting,noun,3.85,2.58,5.56,1.76,
repository,noun,3.6,2.13,5.54,1.86,
unwelcome person,noun,6.86,2.41,2.77,2.32,
article of clothing,noun,4.05,1.89,6.41,1.34,
undulate,adj,4.91,2.57,6.58,1.78,
unaccessible,adj,4.51,2.68,2.17,1.76,
information,noun,5.17,2.11,5.3,1.67,
serious,adj,3.56,1.95,4.32,1.51,
saxophonist,noun,5.64,2.51,6.89,2.12,
geological phenomenon,noun,6,2.02,3.19,1.66,
being,noun,6.02,2.62,7.27,1.88,
crop,verb,4.59,2.1,3.83,1.7,
immortal,noun,4.49,1.9,6.49,1.7,
blindfolded,adj,4.39,2.36,3.05,1.99,
hypostasis,noun,5.92,2.6,7.08,2.2,
unsportsmanlike,adj,4.93,2.23,2.81,1.52,
waste material,noun,5.12,2.32,2.47,1.68,
get into,verb,3.36,2.12,4.82,1.23,
storey,noun,4.39,2.33,4.32,1.68,
instance,noun,4.48,2.29,4.05,1.41,
boat,noun,4.88,2.3,6.93,1.28,
misbehavior,noun,5.6,2.65,7.98,1.22,
stem,noun,4.18,2.19,5.09,1.57,
assail,verb,6.83,2.26,3.52,2.12,
grown,adj,4.76,1.95,6.49,1.5,
essay,noun,2.5,1.85,5.2,1.21,
antagonism,noun,7.49,2.16,2.08,1.91,
indorse,verb,5.85,3.15,8.44,0.9,
recreation,noun,7.22,2.01,8.37,1.11,
mental attitude,noun,5.19,2.39,7.64,1.29,
phantasma,noun,4.3,2.26,4.35,1.23,
fake,noun,5.75,2.45,2.67,1.66,
executive department,noun,5.74,2.46,6.69,1.77,
Jesus Christ,noun,5.8,3.01,7.73,1.56,
patterned,adj,3.52,2.05,4.39,1.46,
food,noun,5.21,2.46,6.83,1.48,
fount,noun,5.6,2.21,6.8,1.61,
belittle,verb,4.16,2.16,2.67,1.45,
spread out,verb,4.17,2.09,3.1,1.74,
creativeness,noun,4.66,2.43,6.62,1.84,
make headway,verb,7.72,2.16,8.38,0.92,
unnatural,adj,4.09,2.37,6.59,1.57,
chimneypiece,noun,3.27,2.23,4.93,1.4,
fit,verb,5.12,2.42,5.93,2.1,
tennis player,noun,5.51,2.77,7.26,1.67,
starve,verb,6.88,1.85,7.12,1.62,
booby,noun,4.35,2.25,3.38,1.7,
unhappy,adj,4.18,2.5,1.57,0.96,
orbit,noun,4.08,2.41,6.2,1.37,
clergyman,noun,5.51,2.77,7.26,1.67,
someone,noun,4.21,1.99,6.51,1.34,
electric light,noun,4.1,2.02,5.61,1.28,
lurch,noun,4.52,2.37,5.56,1.38,
remains,noun,4.02,2.41,4.68,1.97,
stake,verb,5.89,2.37,6.98,1.97,
turbid,adj,4.13,2.13,4.44,2.07,
make up,verb,5.12,2.39,6.95,1.85,
cubital joint,noun,3.81,2.14,5.12,0.92,
cissy,adj,5.17,2.57,3.14,1.96,
pasturage,noun,4.14,2.11,6.12,1.44,
painfulness,noun,5.85,2.49,1.9,1.26,
stop,verb,5,2.83,6.42,2.05,
dramatist,noun,4.07,2.19,2.74,1.64,
blubbery,adj,4.81,2.8,2.28,1.92,
top dog,noun,5.92,2.6,7.08,2.2,
pose,verb,3.36,2.28,5.05,1.46,
revere,verb,4.49,1.9,6.49,1.7,
cut down,verb,5,2.32,3.64,2.08,
demoralize,verb,5.85,2.93,2.3,2.11,
station waggon,noun,3.98,2.04,5.37,0.97,
locomote,verb,3.41,2.14,5,1.96,
botheration,noun,5.14,2.14,3.64,1.76,
winkle,verb,5.44,2.68,6.93,1.83,
organized crime,noun,4.8,2.71,7.65,1.55,
rickety,adj,4.1,2.07,3.26,1.47,
fervour,noun,7.17,2.06,3.22,2.06,
delude,verb,7.24,2.06,1.68,1.02,
divine service,noun,4.34,2.45,6.28,2.31,
friendly,noun,6.44,2.28,2.73,1.5,
back,verb,5.04,2.18,6.39,1.6,
hostile,noun,5.11,2.96,8.43,1.08,
venomous,adj,6.4,2.41,2.1,1.48,
cark,verb,6.85,2.03,3.03,2.09,
springy,adj,5.53,2.9,7.2,1.97,
behavior,noun,4.56,1.78,5.64,1.34,
solvent,noun,5.41,2.43,6.63,1.68,
chairperson,noun,3.15,1.77,5.08,0.98,
stick in,verb,4.27,2.07,4.75,1.38,
unhealthy,adj,5.06,2.68,2.87,2.14,
uprising,noun,6.56,2.34,4.13,1.78,
unfaithful,adj,6.56,2.21,1.93,1.61,
assuage,verb,3.21,2.57,7.31,1.3,
burning,noun,7.17,2.06,3.22,2.06,
furious,adj,6.89,2.47,2.29,1.78,
history,noun,6.02,2.62,7.27,1.88,
wander,verb,7.24,2.06,1.68,1.02,
period of time,noun,4.28,2.21,4.71,2.36,
start out,verb,4.7,2.48,4.09,2.21,
storage,noun,4.12,2.36,3.21,1.87,
distinguish,verb,3.7,2.18,5.68,1.62,
joy,verb,6.12,2.45,8.1,1.17,
tell,verb,4.12,2.3,6.34,1.56,
adventurer,noun,5.04,2.1,6.45,1.55,
fuzz,noun,4.2,2.42,5.07,1.97,
steamy,adj,6.63,2.7,7.97,1,
Negro,noun,4.61,2.24,5.39,1.8,
modest,adj,3.83,2.05,3.07,1.57,
stain,noun,3.98,2.29,3.37,1.34,
signal,noun,6.85,2.53,6.2,1.76,
grave,adj,4,1.87,5.08,1.59,
drug,noun,4.4,2.36,5.67,2.06,
real,adj,4.05,2.34,5.26,1.29,
discuss,verb,3.15,1.77,5.08,0.98,
urge on,verb,6.12,2.45,8.1,1.17,
action,noun,5.71,2.74,2.37,2.06,
snappy,adj,5.9,2.42,7.9,1.49,
consume,verb,5.22,2.38,6.66,1.57,
motion,verb,4.05,2.59,7.19,1.69,
absolve,verb,4.48,2.29,4.05,1.41,
major affective disorder,noun,4.54,3.19,1.85,1.67,
papers,noun,3.5,1.84,5.29,1.08,
foul,adj,6.09,2.44,2.96,2.37,
demoralise,verb,6.26,2.61,2.79,2.12,
squarish,adj,3.18,1.76,4.74,1.02,
venom,noun,5.86,2.75,2.69,1.84,
intumesce,verb,4.1,2.34,2.88,1.75,
discomfit,verb,5.86,2.4,2,1.18,
played out,adj,2.64,2.19,3.28,1.43,
secret,adj,4.84,2.57,6,2.21,
sanies,noun,4.82,2.06,2.86,1.91,
offence,noun,5.83,2.73,3.13,2.24,
foreshorten,verb,4.65,2.13,5.2,1.28,
admirer,noun,5.74,2.57,7.74,1.24,
Charles's Wain,noun,3.98,2.04,5.37,0.97,
peppy,adj,5.53,2.9,7.2,1.97,
occurrence,noun,6.26,2.87,2.05,1.19,
self-propelled vehicle,noun,3.98,2.33,5.2,1.18,
fearfulness,noun,7.02,2.02,3.12,1.84,
affront,noun,6.83,2.26,3.52,2.12,
stunned,adj,6.58,2.22,6.56,1.61,
comfort,noun,4.17,2.44,2.19,1.23,
world,noun,4.37,2.51,7.65,1.37,
facility,noun,4.08,2.41,6.2,1.37,
act upon,verb,6.07,2.26,3.38,1.61,
defeat,verb,6.83,2.38,2.64,2.03,
adequate,adj,5.08,2.07,7.16,1.39,
distort,verb,6.41,2.94,1.82,1.45,
example,noun,4.64,2.75,5.31,2.02,
world-wide,adj,5.32,2.39,6.5,2.03,
icy,adj,4.75,2.56,3.5,1.85,
beatify,verb,8.02,1.65,8.05,1.48,
obstruct,verb,6.03,3.19,1.56,0.96,
treasonous,adj,6.2,2.7,2.05,1.55,
burnt umber,noun,5.29,2.55,6.88,1.89,
concave shape,noun,3.91,1.92,4.36,1.21,
body waste,noun,5.75,2.84,2.06,1.57,
sky,noun,4.31,2.2,6.76,1.78,
weewee,noun,4.2,2.18,3.25,1.71,
debilitate,verb,4.14,2.3,2.93,1.76,
unhappiness,noun,4.56,2.97,1.61,1.02,
crocked,adj,4.02,2.41,4.68,1.97,
queer,adj,4.27,2.46,4.82,2.04,
ameliorate,verb,4.77,2.23,7.09,1.46,
scathe,noun,6.22,1.91,2.73,1.72,
athletic field,noun,5.53,2.96,7.92,1.2,
book of account,noun,4.17,2.49,5.72,1.54,
cultivate,verb,3.9,1.95,5.53,1.85,
vessel,noun,4.16,2.31,7.33,1.45,
penalization,noun,5.32,3.19,8.13,1.09,
C,noun,5.75,2.47,7.08,1.83,
enclothe,verb,3.95,2.09,5.25,1.33,
hard knocks,noun,6.33,2.7,1.73,1.13,
impediment,noun,5,2.83,6.42,2.05,
serving,noun,5.37,2.39,6.5,1.78,
severe,adj,4,1.87,5.08,1.59,
designer,noun,4.37,2.14,6.47,1.59,
business enterprise,noun,4.08,2.41,6.2,1.37,
impure,adj,4.13,2.13,4.44,2.07,
corporal punishment,noun,5.71,2.74,2.37,2.06,
gory,adj,6.41,2,2.9,1.98,
humanist,adj,4.5,1.91,6.89,1.7,
incredulous,adj,4.91,1.92,4.52,1.63,
Good Book,noun,4.17,2.49,5.72,1.54,
expanse,noun,5.14,2.54,6.78,1.66,
call for,verb,4.48,2.29,4.05,1.41,
look for,verb,4,2.19,6.04,1.94,
uncouple,verb,6.39,2.31,7.41,1.97,
utilisation,noun,6.84,2.06,7.13,1.58,
scrumptious,adj,5.34,2.51,7.5,1.08,
comedian,noun,5.44,2.47,7.05,1.96,
supernatural being,noun,5.95,2.84,8.15,1.27,
tower,noun,4.41,2.44,5.89,2.08,
timorous,adj,4.11,2.09,3.86,1.55,
internal organ,noun,3.93,2.49,4.82,2.06,
virtue,noun,5.9,1.83,7.66,1.24,
conduct,verb,4.4,2.07,5.95,1.38,
chromatic colour,noun,4.28,2.46,6.18,2.05,
Helen Newington Wills,noun,4.18,2.38,3.2,1.58,
cheap,adj,3.83,2.05,3.07,1.57,
refresh,verb,4.12,2.3,6.34,1.56,
prison cell,noun,4.88,1.86,5.16,1.87,
alertness,noun,6.36,2.66,2.51,1.83,
honor,noun,5.39,2.44,7.78,1.22,
refulgent,adj,5.39,2.82,6.73,2.17,
excitable,adj,6.59,2.07,3.29,1.47,
vital,adj,5.5,2.74,7.25,2.22,
abuse,noun,3.95,2.11,4.11,1.77,
pitiful,adj,4.13,2.38,1.61,0.95,
provide,verb,6,2.02,3.19,1.66,
rattling,adj,5.41,2.73,3.55,2.54,
vitiate,verb,4.04,2.14,3.18,1.86,
onset,noun,7.17,2.06,3.22,2.06,
Felis domesticus,noun,4.76,2.18,6.44,1.43,
laughable,adj,4.36,2.2,4.26,1.82,
percentage,noun,5,2.32,3.64,2.08,
sheared,adj,5,2.32,3.64,2.08,
Edward Douglas White Jr.,noun,4.37,2.14,6.47,1.59,
shit,noun,6.07,2.15,3.36,2.16,
hound,noun,5.76,2.5,7.57,1.66,
meliorate,verb,5.69,2.15,7.65,1.16,
chickenhearted,adj,6.33,2.28,2.25,1.18,
armed service,noun,5.03,2.03,4.72,1.75,
gloam,noun,4.7,2.48,4.09,2.21,
beaming,adj,5.56,3.01,8.03,1.56,
duck soup,noun,4.37,2.32,6.85,1.71,
deceased,adj,5.73,2.73,1.94,1.76,
publishing house,noun,2.5,1.85,5.2,1.21,
condiment,noun,4.09,2.08,5.6,1.35,
channel,noun,5.55,2.55,6.14,1.77,
floor,verb,4.12,2.36,3.21,1.87,
disrespectful,adj,5.38,2.37,4.35,1.76,
tuner,noun,4.78,2.82,6.73,1.47,
ravenous,adj,5.13,2.44,3.58,2.01,
coif,verb,4.05,1.89,6.41,1.34,
age,noun,4.54,3.19,1.85,1.67,
matter,noun,6.05,2.82,1.98,1.44,
tenderness,noun,6.34,2.25,7.39,1.53,
turbulent,adj,5.94,2.36,2.17,1.21,
battlemented,adj,4.09,2.77,7.29,1.79,
metal money,noun,4.29,2.48,6.02,1.96,
see,verb,5.39,2.22,7.15,1.49,
mettlesome,adj,5.89,2.37,6.98,1.97,
pecker,noun,4.7,2.59,3.98,1.73,
time,noun,3.83,2.29,5.76,1.65,
metastatic tumor,noun,6.42,2.83,1.5,0.85,
participant,noun,3.73,2.26,5.61,1.93,
proficient,adj,5.43,2.85,7.47,1.45,
touching,noun,5.73,2.09,4.33,2.35,
crispy,adj,4.88,2.3,6.93,1.28,
split up,verb,6.33,2.71,2.22,1.88,
antipathetic,adj,6.44,2.28,2.73,1.5,
document,noun,4.9,2.37,6.61,1.59,
habitual,adj,4.81,2.46,2.51,1.42,
trumpery,noun,4.16,2.16,2.67,1.45,
metre,noun,3.27,1.98,5.02,0.93,
weighed down,adj,5.63,2.07,2.5,1.32,
preserves,noun,3.7,2.29,5.66,1.44,
snuffle,verb,4.57,2.38,3.52,1.99,
laurels,noun,5.9,1.83,7.66,1.24,
retard,verb,3.39,2.22,3.93,1.6,
wondering,adj,5.82,1.64,6.08,1.63,
relation,noun,4.8,2.71,7.65,1.55,
hoi polloi,noun,5.94,2.09,7.33,1.7,
cloud up,verb,3.46,1.92,3.65,1.61,
sufferer,noun,4.21,2.37,5.29,1.89,
journalist,noun,4.37,2.14,6.47,1.59,
jolting,adj,5.33,2.04,4.74,2,
idolised,adj,6.38,2.68,8.64,0.71,
funky,adj,4.93,2.23,2.81,1.52,
marvelous,adj,6.23,2.73,8.16,1.12,
