word,cat,A_M,A_SD,V_M,V_SD
human being,noun,5.32,2.39,6.5,2.03,
cutting,adj,5.19,2.23,4.02,1.99,
remove,verb,7.17,2.06,3.22,2.06,
crenulated,adj,5.33,2.04,4.74,2,
member,noun,4.33,1.78,5.19,1.27,
rough,adj,4.91,2.57,6.58,1.78,
show,noun,4.93,2.54,6.86,1.81,
break up,verb,6.33,2.71,2.22,1.88,
quiet,adj,4.63,2.61,7.12,1.34,
suffer,verb,3.93,2.49,4.82,2.06,
carnal knowledge,noun,7,2.07,7.36,1.57,
delay,verb,2.92,2.16,5.22,0.72,
noisy,adj,2.82,2.13,5.58,1.83,
dim-sighted,adj,4.39,2.36,3.05,1.99,
calm down,verb,3.21,2.57,7.31,1.3,
fortified,adj,5.92,2.28,7.11,1.48,
causal agency,noun,4.19,2.45,6.32,1.74,
pixilated,adj,4.02,2.41,4.68,1.97,
birth control device,noun,3.86,2.72,7.07,1.9,
revolting,adj,6.09,2.44,2.96,2.37,
apparel,verb,3.95,2.11,4.11,1.77,
lost,adj,5.82,2.62,2.82,1.83,
bluster,verb,5.78,2.6,7.8,1.83,
vex,verb,6.49,2.17,2.74,1.81,
puissant,adj,5.83,2.69,6.84,1.8,
thirsty,adj,5.13,2.44,3.58,2.01,
incorrect,adj,3.43,2.09,3.27,1.4,
nonfat,adj,4.81,2.8,2.28,1.92,
saving,adj,5.43,2.85,7.47,1.45,
extraordinary,adj,6.23,2.73,8.16,1.12,
drop,verb,5.69,2.51,7.47,1.73,
simple,noun,4.72,2.71,2.31,1.37,
puke,verb,4.29,2.45,1.9,1.14,
evoke,verb,5.85,2.49,1.9,1.26,
sicken,verb,6.83,2.26,3.52,2.12,
locoweed,noun,4.14,2.11,6.12,1.44,
pouf,noun,4.76,2.18,6.44,1.43,
steamed,adj,5.64,2.48,2.79,2.23,
pioneer,verb,4.86,2.56,5.46,0.98,
excretory product,noun,4.97,2.49,6.61,1.78,
meat,noun,6.34,2.25,7.39,1.53,
shout,noun,5.36,2.91,3.93,2.22,
bewitch,verb,5.16,2.25,6.77,1.58,
well-kept,adj,3.98,2.22,6.3,1.56,
irascible,adj,7.17,2.07,2.85,1.7,
teenaged,adj,4.15,1.96,3.39,1.7,
give,verb,5.15,3.04,8.26,1.31,
unreformable,adj,6.09,2.44,2.96,2.37,
bank note,noun,6.07,2.67,7.47,1.72,
ill-favoured,adj,5.38,2.23,2.43,1.27,
leap,verb,5.67,2.51,7.76,1.51,
sexually transmitted disease,noun,5.69,3.25,1.68,1.23,
SOB,noun,6.07,2.15,3.36,2.16,
turn out,verb,3.61,2.56,7.51,1.38,
unbroken,adj,5.43,2.42,3.05,1.92,
unmanageable,adj,6.1,2.51,4.26,2.12,
long-playing,adj,3.39,2.22,3.93,1.6,
high-pressure,adj,5.83,2.33,5.1,1.68,
confine,verb,5.49,2.67,1.95,1.27,
snug,adj,4.09,2.77,7.29,1.79,
sunup,noun,4.39,2.81,6.16,2.33,
lolly,noun,5.64,2.18,6.74,1.73,
handle,verb,5.53,2.8,8.22,1.2,
trick up,verb,4.05,1.89,6.41,1.34,
kerfuffle,noun,5.71,2.34,4.95,2.22,
melodic phrase,noun,5.86,1.81,7,1.34,
lady of pleasure,noun,5.85,2.93,2.3,2.11,
drab,adj,4.28,2.21,4.71,2.36,
quietude,noun,2.95,2.55,7.72,1.75,
recede,verb,6.02,2.58,7.73,1.34,
dry,adj,3.52,2.05,4.39,1.46,
scum bag,noun,4.95,2.36,3.02,1.66,
slews,noun,5.49,2.43,6.59,1.66,
human,adj,4.5,1.91,6.89,1.7,
soothe,verb,2.82,2.13,5.58,1.83,
superstar,noun,5.5,2.66,6.88,1.93,
in safe custody,adj,3.14,2.47,7.57,1.76,
fire,verb,5.86,2.4,2,1.18,
pass,verb,6.03,3.19,1.56,0.96,
bear on,verb,6.85,2.03,3.03,2.09,
impotent,adj,4.02,2.41,4.68,1.97,
dysphoric,adj,4.18,2.5,1.57,0.96,
good-looking,adj,6.17,2.34,7.6,1.64,
wake,verb,2.8,2.66,7.2,1.77,
nifty,adj,5.43,2.85,7.47,1.45,
security guard,noun,4.1,2.12,5.78,1.51,
wassail,verb,6.39,2.63,2.96,1.93,
pensive,adj,5.72,2.3,7.65,1.03,
sleek,adj,4.91,2.57,6.58,1.78,
roguishness,noun,5.38,2.62,2.24,1.62,
come about,verb,4.7,2.48,4.09,2.21,
project,noun,4.37,2.32,6.85,1.71,
large-hearted,adj,4.46,2.55,7.59,1.67,
bronze,adj,3.79,1.96,4.95,1.17,
sex gland,noun,3.76,2.39,5.29,1.82,
grimy,adj,4.88,2.29,3.08,2.05,
passionless,adj,5.19,2.23,4.02,1.99,
low,adj,3.83,2.05,3.07,1.57,
sacred text,noun,4.17,2.49,5.72,1.54,
snooty,adj,5.56,3.01,8.03,1.56,
break,verb,5.78,2.21,2.8,1.67,
high,adj,6.21,2.3,7.45,1.77,
alimentation,noun,5.62,2.25,7.36,1.38,
put forward,verb,4.05,2.59,7.19,1.69,
horrific,adj,6.33,2.28,2.25,1.18,
time of day,noun,4.7,2.48,4.09,2.21,
shabu,noun,4.27,2.07,4.75,1.38,
inquiring,adj,5.82,1.64,6.08,1.63,
soul,noun,3.95,1.97,5.05,1.34,
go off,verb,6.21,2.51,7.1,2,
modify,verb,4.81,2.8,2.28,1.92,
pass on,verb,4.4,2.07,5.95,1.38,
disgraceful,adj,4.98,2.48,3.5,2.16,
nobble,verb,4.59,2.1,3.83,1.7,
granitic,adj,5.12,2.19,5.22,1.82,
feast day,noun,6.27,2.56,7.8,1.55,
occlude,verb,4.93,2.23,2.81,1.52,
bring in,verb,6.68,1.78,7.63,1.3,
sinister,adj,6.39,2.44,3.23,2.64,
fulgid,adj,5.4,2.33,7.5,1.55,
bilk,verb,4.92,2.64,2.39,1.44,
ascent,noun,4.7,2.48,4.09,2.21,
disesteem,verb,5.19,2.39,7.64,1.29,
tolerant,adj,4.21,2.37,5.29,1.89,
ride,verb,5.87,2.56,4.84,2.51,
bod,noun,4.19,2.45,6.32,1.74,
zoftig,adj,4.81,2.8,2.28,1.92,
slicker,noun,5.78,2.47,2.22,1.69,
misbehavior,noun,5.76,1.95,5.57,2.05,
hysteric,adj,5.13,2.76,4.45,2.23,
effortful,adj,5.12,2.19,5.22,1.82,
thunderstruck,adj,7.47,2.09,7.47,1.56,
horrendous,adj,6.27,2.44,1.93,1.44,
ill,adj,6.44,2.28,2.73,1.5,
proud,adj,3.74,2.33,5.86,1.42,
woolly,adj,6.03,1.88,3.21,1.51,
unagitated,adj,2.82,2.13,5.58,1.83,
be intimate,verb,3.61,2.56,7.51,1.38,
frustrate,verb,5.87,2.56,4.84,2.51,
plague,verb,5.36,2.89,3.82,1.73,
not guilty,adj,4.21,1.99,6.51,1.34,
nordic,adj,5.07,2.7,6.43,2.04,
indictable,adj,6.04,2.76,2.63,1.98,
sense datum,noun,5.22,2.38,6.66,1.57,
unravel,verb,4.07,2.15,4.64,1.36,
knowledge base,noun,4.08,2.41,6.2,1.37,
acidulent,adj,5.1,1.95,3.93,1.98,
swampy,adj,4.13,2.13,4.44,2.07,
bailiwick,adj,4.5,1.91,6.89,1.7,
office,noun,5.03,2.03,4.72,1.75,
difficult,adj,5.12,2.19,5.22,1.82,
bumpy,adj,5.33,2.04,4.74,2,
algophobic,adj,6.67,2.54,2,1.28,
oral communication,noun,5.16,2.25,6.77,1.58,
deprave,verb,5.85,2.93,2.3,2.11,
unconcerned,adj,3.89,2.54,7.62,1.41,
reverberate,verb,4.9,2.35,4.31,2.18,
utilitarian,adj,4.26,2.47,7.14,1.6,
gravel,verb,6.07,2.61,2.21,1.99,
red,adj,6.41,2,2.9,1.98,
cast out,verb,4.14,2.3,2.93,1.76,
man of affairs,noun,6.67,1.87,6.54,2.21,
dispose,verb,4.16,2.16,2.67,1.45,
exsanguinous,adj,5.73,2.73,1.94,1.76,
attack,verb,6.83,2.26,3.52,2.12,
boneheaded,adj,4.72,2.71,2.31,1.37,
sot,noun,5.69,2.36,2.84,2.34,
incorporeal,adj,4.05,2.34,5.26,1.29,
comradely,adj,5.11,2.96,8.43,1.08,
undignified,adj,4.12,2.29,7.1,1.26,
vulnerable,adj,5.56,2.34,2.36,1.33,
mutinous,adj,6.56,2.21,1.93,1.61,
thoughtful,adj,4,1.87,5.08,1.59,
res publica,noun,6.67,1.87,6.54,2.21,
Heaven,noun,5.38,2.62,2.24,1.62,
motorcar,noun,3.98,2.04,5.37,0.97,
aliment,noun,3.68,2.57,5.95,2.16,
abbess,noun,5.55,2.74,7.34,1.71,
skanky,adj,4.93,2.23,2.81,1.52,
preclude,verb,4.12,2.01,3.81,1.42,
tinny,adj,3.83,2.05,3.07,1.57,
chivvy,verb,6.47,2.47,2.23,1.72,
amend,verb,5.86,2.7,5.2,2.54,
strung-out,adj,4.81,2.46,2.51,1.42,
unwell,adj,4.29,2.45,1.9,1.14,
follow,verb,5.76,2.5,7.57,1.66,
immoral,adj,4.67,2.35,3.32,2.32,
cash in one's chips,verb,4.7,2.48,4.09,2.21,
excreta,noun,4,2.14,4.56,1.72,
jest,noun,6.39,2.63,2.96,1.93,
effervescent,adj,5.53,2.9,7.2,1.97,
sound off,verb,5,2.19,3.14,1.56,
sleepless,adj,6.85,2.53,6.2,1.76,
sorry,adj,2.98,2.18,3.05,1.58,
self-centered,adj,5.5,2.62,2.42,1.62,
ambience,noun,5.56,2.62,7,1.32,
ascend,verb,4.7,2.48,4.09,2.21,
malodourous,adj,4.93,2.23,2.81,1.52,
fry,noun,5.55,2.29,7.08,1.98,
heap,noun,6,2.02,3.19,1.66,
difficultness,noun,4.76,2.55,2.45,1.61,
duet,noun,6.39,2.31,7.41,1.97,
toxicant,adj,6.4,2.41,2.1,1.48,
scissure,noun,4.07,1.69,3.43,1.38,
ice,noun,4.16,2.16,2.67,1.45,
Ketalar,noun,4.28,2.46,6.18,2.05,
speak,verb,3.47,2.39,7.17,1.2,
hindquarters,noun,2.95,1.72,4.95,0.98,
Deliverer,noun,5.8,3.01,7.73,1.56,
go away,verb,3.82,2.24,5.11,1.78,
BM,noun,3.76,2.26,4.17,1.77,
honourable,adj,4.49,2.28,6.2,1.85,
ruby-red,adj,5.29,2.04,6.41,1.61,
bad,adj,4.69,1.98,5.53,1.86,
expand,verb,5,2.32,3.64,2.08,
cloth covering,noun,3.32,2.28,7.39,1.53,
melancholic,adj,4.13,2.38,1.61,0.95,
wile,noun,5.75,2.45,2.67,1.66,
jaw,verb,5.74,2.38,3.48,2.33,
made-to-order,adj,4.66,2.12,5.85,1.53,
sociable,adj,4.98,2.59,6.88,1.82,
highly strung,adj,6.53,2.1,3.56,1.36,
pubescent,adj,4.15,1.96,3.39,1.7,
outcry,noun,3.17,2.23,7.27,1.36,
descent,noun,4.8,2.71,7.65,1.55,
tantalise,verb,5.57,2.8,7.41,1.92,
have intercourse,verb,6.44,3.35,8.72,0.7,
gain ground,verb,5.73,2.09,4.33,2.35,
bottlefeed,verb,4.84,2.04,6.08,2.08,
young woman,noun,3.17,2.23,7.27,1.36,
murderer,noun,7.02,1.84,3.47,2.48,
on hand,adj,5.12,2.39,6.95,1.85,
check over,verb,4.1,2.12,5.78,1.51,
fag,verb,3.81,2.29,3.79,2.12,
contented,adj,6.49,2.77,8.21,1.82,
comestible,adj,4.88,2.3,6.93,1.28,
bemock,verb,5.83,2.73,3.13,2.24,
foolhardy,adj,5.6,2.21,6.8,1.61,
scent,noun,5.46,2.47,7.02,1.84,
inborn reflex,noun,5.44,2.68,6.93,1.83,
fictitious place,noun,5.38,2.62,2.24,1.62,
impart,verb,7.24,2.06,1.68,1.02,
moronic,adj,4.72,2.71,2.31,1.37,
undemonstrative,adj,3.27,2.05,4.88,1.83,
ineffective,adj,4.87,2.58,2.13,1.42,
uncommitted,adj,5.15,3.04,8.26,1.31,
afraid,adj,4.11,2.09,3.86,1.55,
inform,verb,7.24,2.06,1.68,1.02,
odour,noun,4.36,2.46,2.19,1.37,
holler,verb,5.36,2.91,3.93,2.22,
misdirect,verb,6.26,2.61,2.79,2.12,
crepuscular,adj,4.28,2.21,4.71,2.36,
knotty,adj,5.12,2.19,5.22,1.82,
harmless,adj,3.86,2.72,7.07,1.9,
spouse equivalent,noun,5.21,2.75,7.58,1.48,
fall back,verb,4.7,2.48,4.09,2.21,
unconditioned reflex,noun,5.75,2.84,2.06,1.57,
fit out,verb,3.95,2.09,5.25,1.33,
period,noun,5.03,2.65,7.26,1.18,
spirited,adj,6.15,2.45,7.15,1.64,
attempt,verb,5.38,2.58,6.02,1.77,
disloyal,adj,5.16,2.42,7.55,1.9,
humour,noun,4.82,2.06,2.86,1.91,
break down,verb,6.95,2.44,2.31,1.44,
channelize,verb,3.42,2.21,6.32,1.56,
dish,noun,5.5,2.73,8.42,0.83,
mealy,adj,4.21,1.84,4.55,1.42,
nasty,adj,4.88,2.29,3.08,2.05,
perplexed,adj,5.82,2.62,2.82,1.83,
emit,verb,7.04,1.96,3.88,2.07,
sincere,adj,5.32,1.92,7.7,1.43,
role player,noun,5.75,2.45,2.67,1.66,
tyke,noun,5.88,2.38,7.41,1.8,
lashing,adj,6.89,2.47,2.29,1.78,
white,adj,4.61,2.24,5.39,1.8,
crooked,adj,3.18,1.76,4.74,1.02,
minify,verb,5,2.32,3.64,2.08,
eliminate,verb,4,2.14,4.56,1.72,
spite,verb,3.74,2.33,5.86,1.42,
public transport,noun,3.55,1.8,4.51,1.57,
close up,verb,6.03,3.19,1.56,0.96,
caper,noun,6.91,1.69,7.52,1.19,
padded,adj,4.63,2.61,7.12,1.34,
harlot,noun,4.93,2.82,3.34,2.31,
change state,verb,4.49,2.5,6.07,1.61,
clanging,adj,6.38,1.78,5.02,2.02,
mortal,noun,4.61,2.24,5.39,1.8,
confab,noun,5.74,2.38,3.48,2.33,
loser,noun,6.11,2.65,8.29,0.93,
moment,noun,5.44,2.68,6.93,1.83,
batty,adj,5.83,2.45,2.85,1.94,
fair-haired,adj,6.38,2.68,8.64,0.71,
cut out,verb,5,2.32,3.64,2.08,
erotic,adj,7.36,1.91,8.02,1.12,
exquisite,adj,4.53,2.65,7.43,1.26,
job,noun,4.08,1.92,5.24,1.59,
well-advised,adj,3.91,2.64,7.52,1.23,
hands-down,adj,4.48,2.82,7.1,1.91,
unquiet,adj,5.94,2.36,2.17,1.21,
suit of armour,noun,5.63,2.36,6.88,1.74,
recreant,adj,6.33,2.28,2.25,1.18,
wipe out,verb,6.22,1.91,2.73,1.72,
punctured,adj,5,2.32,3.64,2.08,
